strand,CpG_Coordinates,Methylation_Status,Total_Count_T1,Total_Count_T2,P_Value
r,10035:10044:10046,`000,1077,0.0,1.0
r,10035:10044:10046,`001,9,0.0,1.0
r,10035:10044:10046,`010,0,0.0,1.0
r,10035:10044:10046,`011,0,0.0,1.0
r,10035:10044:10046,`100,0,0.0,1.0
r,10035:10044:10046,`101,0,0.0,1.0
r,10035:10044:10046,`110,0,0.0,1.0
r,10035:10044:10046,`111,4,0.0,1.0
r,10035:10044:10053,`000,1086,0.0,1.0
r,10035:10044:10053,`001,0,0.0,1.0
r,10035:10044:10053,`010,0,0.0,1.0
r,10035:10044:10053,`011,0,0.0,1.0
r,10035:10044:10053,`100,0,0.0,1.0
r,10035:10044:10053,`101,0,0.0,1.0
r,10035:10044:10053,`110,0,0.0,1.0
r,10035:10044:10053,`111,4,0.0,1.0
r,10035:10044:10058,`000,1069,0.0,1.0
r,10035:10044:10058,`001,17,0.0,1.0
r,10035:10044:10058,`010,0,0.0,1.0
r,10035:10044:10058,`011,0,0.0,1.0
r,10035:10044:10058,`100,0,0.0,1.0
r,10035:10044:10058,`101,0,0.0,1.0
r,10035:10044:10058,`110,0,0.0,1.0
r,10035:10044:10058,`111,4,0.0,1.0
r,10035:10044:10071,`000,1072,0.0,1.0
r,10035:10044:10071,`001,14,0.0,1.0
r,10035:10044:10071,`010,0,0.0,1.0
r,10035:10044:10071,`011,0,0.0,1.0
r,10035:10044:10071,`100,0,0.0,1.0
r,10035:10044:10071,`101,0,0.0,1.0
r,10035:10044:10071,`110,0,0.0,1.0
r,10035:10044:10071,`111,4,0.0,1.0
r,10035:10044:10075,`000,1086,0.0,1.0
r,10035:10044:10075,`001,0,0.0,1.0
r,10035:10044:10075,`010,0,0.0,1.0
r,10035:10044:10075,`011,0,0.0,1.0
r,10035:10044:10075,`100,0,0.0,1.0
r,10035:10044:10075,`101,0,0.0,1.0
r,10035:10044:10075,`110,0,0.0,1.0
r,10035:10044:10075,`111,4,0.0,1.0
r,10035:10044:10081,`000,1086,0.0,1.0
r,10035:10044:10081,`001,0,0.0,1.0
r,10035:10044:10081,`010,0,0.0,1.0
r,10035:10044:10081,`011,0,0.0,1.0
r,10035:10044:10081,`100,0,0.0,1.0
r,10035:10044:10081,`101,0,0.0,1.0
r,10035:10044:10081,`110,0,0.0,1.0
r,10035:10044:10081,`111,4,0.0,1.0
r,10035:10044:10088,`000,1047,0.0,1.0
r,10035:10044:10088,`001,9,0.0,1.0
r,10035:10044:10088,`010,0,0.0,1.0
r,10035:10044:10088,`011,0,0.0,1.0
r,10035:10044:10088,`100,0,0.0,1.0
r,10035:10044:10088,`101,0,0.0,1.0
r,10035:10044:10088,`110,0,0.0,1.0
r,10035:10044:10088,`111,4,0.0,1.0
r,10035:10044:10096,`000,1056,0.0,1.0
r,10035:10044:10096,`001,0,0.0,1.0
r,10035:10044:10096,`010,0,0.0,1.0
r,10035:10044:10096,`011,0,0.0,1.0
r,10035:10044:10096,`100,0,0.0,1.0
r,10035:10044:10096,`101,0,0.0,1.0
r,10035:10044:10096,`110,0,0.0,1.0
r,10035:10044:10096,`111,4,0.0,1.0
r,10035:10044:10102,`000,1054,0.0,1.0
r,10035:10044:10102,`001,0,0.0,1.0
r,10035:10044:10102,`010,0,0.0,1.0
r,10035:10044:10102,`011,0,0.0,1.0
r,10035:10044:10102,`100,0,0.0,1.0
r,10035:10044:10102,`101,0,0.0,1.0
r,10035:10044:10102,`110,0,0.0,1.0
r,10035:10044:10102,`111,4,0.0,1.0
r,10035:10044:10109,`000,1005,0.0,1.0
r,10035:10044:10109,`001,49,0.0,1.0
r,10035:10044:10109,`010,0,0.0,1.0
r,10035:10044:10109,`011,0,0.0,1.0
r,10035:10044:10109,`100,0,0.0,1.0
r,10035:10044:10109,`101,0,0.0,1.0
r,10035:10044:10109,`110,0,0.0,1.0
r,10035:10044:10109,`111,4,0.0,1.0
r,10035:10044:10111,`000,1055,0.0,1.0
r,10035:10044:10111,`001,0,0.0,1.0
r,10035:10044:10111,`010,0,0.0,1.0
r,10035:10044:10111,`011,0,0.0,1.0
r,10035:10044:10111,`100,0,0.0,1.0
r,10035:10044:10111,`101,0,0.0,1.0
r,10035:10044:10111,`110,0,0.0,1.0
r,10035:10044:10111,`111,4,0.0,1.0
r,10035:10044:10118,`000,955,0.0,1.0
r,10035:10044:10118,`001,0,0.0,1.0
r,10035:10044:10118,`010,0,0.0,1.0
r,10035:10044:10118,`011,0,0.0,1.0
r,10035:10044:10118,`100,0,0.0,1.0
r,10035:10044:10118,`101,0,0.0,1.0
r,10035:10044:10118,`110,0,0.0,1.0
r,10035:10044:10118,`111,2,0.0,1.0
r,10035:10044:10121,`000,907,0.0,1.0
r,10035:10044:10121,`001,0,0.0,1.0
r,10035:10044:10121,`010,0,0.0,1.0
r,10035:10044:10121,`011,0,0.0,1.0
r,10035:10044:10121,`100,0,0.0,1.0
r,10035:10044:10121,`101,0,0.0,1.0
r,10035:10044:10121,`110,0,0.0,1.0
r,10035:10044:10121,`111,2,0.0,1.0
r,10035:10044:10130,`000,797,0.0,1.0
r,10035:10044:10130,`001,0,0.0,1.0
r,10035:10044:10130,`010,0,0.0,1.0
r,10035:10044:10130,`011,0,0.0,1.0
r,10035:10044:10130,`100,0,0.0,1.0
r,10035:10044:10130,`101,0,0.0,1.0
r,10035:10044:10130,`110,0,0.0,1.0
r,10035:10044:10130,`111,0,0.0,1.0
r,10035:10044:10133,`000,764,0.0,1.0
r,10035:10044:10133,`001,32,0.0,1.0
r,10035:10044:10133,`010,0,0.0,1.0
r,10035:10044:10133,`011,0,0.0,1.0
r,10035:10044:10133,`100,0,0.0,1.0
r,10035:10044:10133,`101,0,0.0,1.0
r,10035:10044:10133,`110,0,0.0,1.0
r,10035:10044:10133,`111,0,0.0,1.0
r,10035:10044:10140,`000,620,0.0,1.0
r,10035:10044:10140,`001,0,0.0,1.0
r,10035:10044:10140,`010,0,0.0,1.0
r,10035:10044:10140,`011,0,0.0,1.0
r,10035:10044:10140,`100,0,0.0,1.0
r,10035:10044:10140,`101,0,0.0,1.0
r,10035:10044:10140,`110,0,0.0,1.0
r,10035:10044:10140,`111,0,0.0,1.0
r,10035:10044:10146,`000,450,0.0,1.0
r,10035:10044:10146,`001,0,0.0,1.0
r,10035:10044:10146,`010,0,0.0,1.0
r,10035:10044:10146,`011,0,0.0,1.0
r,10035:10044:10146,`100,0,0.0,1.0
r,10035:10044:10146,`101,0,0.0,1.0
r,10035:10044:10146,`110,0,0.0,1.0
r,10035:10044:10146,`111,0,0.0,1.0
r,10035:10044:10150,`000,450,0.0,1.0
r,10035:10044:10150,`001,0,0.0,1.0
r,10035:10044:10150,`010,0,0.0,1.0
r,10035:10044:10150,`011,0,0.0,1.0
r,10035:10044:10150,`100,0,0.0,1.0
r,10035:10044:10150,`101,0,0.0,1.0
r,10035:10044:10150,`110,0,0.0,1.0
r,10035:10044:10150,`111,0,0.0,1.0
r,10035:10044:10159,`000,364,0.0,1.0
r,10035:10044:10159,`001,0,0.0,1.0
r,10035:10044:10159,`010,0,0.0,1.0
r,10035:10044:10159,`011,0,0.0,1.0
r,10035:10044:10159,`100,0,0.0,1.0
r,10035:10044:10159,`101,0,0.0,1.0
r,10035:10044:10159,`110,0,0.0,1.0
r,10035:10044:10159,`111,0,0.0,1.0
r,10035:10044:10162,`000,332,0.0,1.0
r,10035:10044:10162,`001,0,0.0,1.0
r,10035:10044:10162,`010,0,0.0,1.0
r,10035:10044:10162,`011,0,0.0,1.0
r,10035:10044:10162,`100,0,0.0,1.0
r,10035:10044:10162,`101,0,0.0,1.0
r,10035:10044:10162,`110,0,0.0,1.0
r,10035:10044:10162,`111,0,0.0,1.0
r,10035:10044:10179,`000,94,0.0,1.0
r,10035:10044:10179,`001,0,0.0,1.0
r,10035:10044:10179,`010,0,0.0,1.0
r,10035:10044:10179,`011,0,0.0,1.0
r,10035:10044:10179,`100,0,0.0,1.0
r,10035:10044:10179,`101,0,0.0,1.0
r,10035:10044:10179,`110,0,0.0,1.0
r,10035:10044:10179,`111,0,0.0,1.0
r,10035:10046:10053,`000,1076,0.0,1.0
r,10035:10046:10053,`001,0,0.0,1.0
r,10035:10046:10053,`010,9,0.0,1.0
r,10035:10046:10053,`011,0,0.0,1.0
r,10035:10046:10053,`100,0,0.0,1.0
r,10035:10046:10053,`101,0,0.0,1.0
r,10035:10046:10053,`110,0,0.0,1.0
r,10035:10046:10053,`111,4,0.0,1.0
r,10035:10046:10058,`000,1059,0.0,1.0
r,10035:10046:10058,`001,17,0.0,1.0
r,10035:10046:10058,`010,9,0.0,1.0
r,10035:10046:10058,`011,0,0.0,1.0
r,10035:10046:10058,`100,0,0.0,1.0
r,10035:10046:10058,`101,0,0.0,1.0
r,10035:10046:10058,`110,0,0.0,1.0
r,10035:10046:10058,`111,4,0.0,1.0
r,10035:10046:10071,`000,1062,0.0,1.0
r,10035:10046:10071,`001,14,0.0,1.0
r,10035:10046:10071,`010,9,0.0,1.0
r,10035:10046:10071,`011,0,0.0,1.0
r,10035:10046:10071,`100,0,0.0,1.0
r,10035:10046:10071,`101,0,0.0,1.0
r,10035:10046:10071,`110,0,0.0,1.0
r,10035:10046:10071,`111,4,0.0,1.0
r,10035:10046:10075,`000,1076,0.0,1.0
r,10035:10046:10075,`001,0,0.0,1.0
r,10035:10046:10075,`010,9,0.0,1.0
r,10035:10046:10075,`011,0,0.0,1.0
r,10035:10046:10075,`100,0,0.0,1.0
r,10035:10046:10075,`101,0,0.0,1.0
r,10035:10046:10075,`110,0,0.0,1.0
r,10035:10046:10075,`111,4,0.0,1.0
r,10035:10046:10081,`000,1076,0.0,1.0
r,10035:10046:10081,`001,0,0.0,1.0
r,10035:10046:10081,`010,9,0.0,1.0
r,10035:10046:10081,`011,0,0.0,1.0
r,10035:10046:10081,`100,0,0.0,1.0
r,10035:10046:10081,`101,0,0.0,1.0
r,10035:10046:10081,`110,0,0.0,1.0
r,10035:10046:10081,`111,4,0.0,1.0
r,10035:10046:10088,`000,1046,0.0,1.0
r,10035:10046:10088,`001,0,0.0,1.0
r,10035:10046:10088,`010,0,0.0,1.0
r,10035:10046:10088,`011,9,0.0,1.0
r,10035:10046:10088,`100,0,0.0,1.0
r,10035:10046:10088,`101,0,0.0,1.0
r,10035:10046:10088,`110,0,0.0,1.0
r,10035:10046:10088,`111,4,0.0,1.0
r,10035:10046:10096,`000,1046,0.0,1.0
r,10035:10046:10096,`001,0,0.0,1.0
r,10035:10046:10096,`010,9,0.0,1.0
r,10035:10046:10096,`011,0,0.0,1.0
r,10035:10046:10096,`100,0,0.0,1.0
r,10035:10046:10096,`101,0,0.0,1.0
r,10035:10046:10096,`110,0,0.0,1.0
r,10035:10046:10096,`111,4,0.0,1.0
r,10035:10046:10102,`000,1044,0.0,1.0
r,10035:10046:10102,`001,0,0.0,1.0
r,10035:10046:10102,`010,9,0.0,1.0
r,10035:10046:10102,`011,0,0.0,1.0
r,10035:10046:10102,`100,0,0.0,1.0
r,10035:10046:10102,`101,0,0.0,1.0
r,10035:10046:10102,`110,0,0.0,1.0
r,10035:10046:10102,`111,4,0.0,1.0
r,10035:10046:10109,`000,995,0.0,1.0
r,10035:10046:10109,`001,49,0.0,1.0
r,10035:10046:10109,`010,9,0.0,1.0
r,10035:10046:10109,`011,0,0.0,1.0
r,10035:10046:10109,`100,0,0.0,1.0
r,10035:10046:10109,`101,0,0.0,1.0
r,10035:10046:10109,`110,0,0.0,1.0
r,10035:10046:10109,`111,4,0.0,1.0
r,10035:10046:10111,`000,1045,0.0,1.0
r,10035:10046:10111,`001,0,0.0,1.0
r,10035:10046:10111,`010,9,0.0,1.0
r,10035:10046:10111,`011,0,0.0,1.0
r,10035:10046:10111,`100,0,0.0,1.0
r,10035:10046:10111,`101,0,0.0,1.0
r,10035:10046:10111,`110,0,0.0,1.0
r,10035:10046:10111,`111,4,0.0,1.0
r,10035:10046:10118,`000,945,0.0,1.0
r,10035:10046:10118,`001,0,0.0,1.0
r,10035:10046:10118,`010,9,0.0,1.0
r,10035:10046:10118,`011,0,0.0,1.0
r,10035:10046:10118,`100,0,0.0,1.0
r,10035:10046:10118,`101,0,0.0,1.0
r,10035:10046:10118,`110,0,0.0,1.0
r,10035:10046:10118,`111,2,0.0,1.0
r,10035:10046:10121,`000,897,0.0,1.0
r,10035:10046:10121,`001,0,0.0,1.0
r,10035:10046:10121,`010,9,0.0,1.0
r,10035:10046:10121,`011,0,0.0,1.0
r,10035:10046:10121,`100,0,0.0,1.0
r,10035:10046:10121,`101,0,0.0,1.0
r,10035:10046:10121,`110,0,0.0,1.0
r,10035:10046:10121,`111,2,0.0,1.0
r,10035:10046:10130,`000,787,0.0,1.0
r,10035:10046:10130,`001,0,0.0,1.0
r,10035:10046:10130,`010,9,0.0,1.0
r,10035:10046:10130,`011,0,0.0,1.0
r,10035:10046:10130,`100,0,0.0,1.0
r,10035:10046:10130,`101,0,0.0,1.0
r,10035:10046:10130,`110,0,0.0,1.0
r,10035:10046:10130,`111,0,0.0,1.0
r,10035:10046:10133,`000,754,0.0,1.0
r,10035:10046:10133,`001,32,0.0,1.0
r,10035:10046:10133,`010,9,0.0,1.0
r,10035:10046:10133,`011,0,0.0,1.0
r,10035:10046:10133,`100,0,0.0,1.0
r,10035:10046:10133,`101,0,0.0,1.0
r,10035:10046:10133,`110,0,0.0,1.0
r,10035:10046:10133,`111,0,0.0,1.0
r,10035:10046:10140,`000,611,0.0,1.0
r,10035:10046:10140,`001,0,0.0,1.0
r,10035:10046:10140,`010,9,0.0,1.0
r,10035:10046:10140,`011,0,0.0,1.0
r,10035:10046:10140,`100,0,0.0,1.0
r,10035:10046:10140,`101,0,0.0,1.0
r,10035:10046:10140,`110,0,0.0,1.0
r,10035:10046:10140,`111,0,0.0,1.0
r,10035:10046:10146,`000,441,0.0,1.0
r,10035:10046:10146,`001,0,0.0,1.0
r,10035:10046:10146,`010,9,0.0,1.0
r,10035:10046:10146,`011,0,0.0,1.0
r,10035:10046:10146,`100,0,0.0,1.0
r,10035:10046:10146,`101,0,0.0,1.0
r,10035:10046:10146,`110,0,0.0,1.0
r,10035:10046:10146,`111,0,0.0,1.0
r,10035:10046:10150,`000,441,0.0,1.0
r,10035:10046:10150,`001,0,0.0,1.0
r,10035:10046:10150,`010,9,0.0,1.0
r,10035:10046:10150,`011,0,0.0,1.0
r,10035:10046:10150,`100,0,0.0,1.0
r,10035:10046:10150,`101,0,0.0,1.0
r,10035:10046:10150,`110,0,0.0,1.0
r,10035:10046:10150,`111,0,0.0,1.0
r,10035:10046:10159,`000,355,0.0,1.0
r,10035:10046:10159,`001,0,0.0,1.0
r,10035:10046:10159,`010,9,0.0,1.0
r,10035:10046:10159,`011,0,0.0,1.0
r,10035:10046:10159,`100,0,0.0,1.0
r,10035:10046:10159,`101,0,0.0,1.0
r,10035:10046:10159,`110,0,0.0,1.0
r,10035:10046:10159,`111,0,0.0,1.0
r,10035:10046:10162,`000,323,0.0,1.0
r,10035:10046:10162,`001,0,0.0,1.0
r,10035:10046:10162,`010,9,0.0,1.0
r,10035:10046:10162,`011,0,0.0,1.0
r,10035:10046:10162,`100,0,0.0,1.0
r,10035:10046:10162,`101,0,0.0,1.0
r,10035:10046:10162,`110,0,0.0,1.0
r,10035:10046:10162,`111,0,0.0,1.0
r,10035:10046:10179,`000,94,0.0,1.0
r,10035:10046:10179,`001,0,0.0,1.0
r,10035:10046:10179,`010,0,0.0,1.0
r,10035:10046:10179,`011,0,0.0,1.0
r,10035:10046:10179,`100,0,0.0,1.0
r,10035:10046:10179,`101,0,0.0,1.0
r,10035:10046:10179,`110,0,0.0,1.0
r,10035:10046:10179,`111,0,0.0,1.0
r,10035:10053:10058,`000,1069,0.0,1.0
r,10035:10053:10058,`001,17,0.0,1.0
r,10035:10053:10058,`010,0,0.0,1.0
r,10035:10053:10058,`011,0,0.0,1.0
r,10035:10053:10058,`100,0,0.0,1.0
r,10035:10053:10058,`101,0,0.0,1.0
r,10035:10053:10058,`110,0,0.0,1.0
r,10035:10053:10058,`111,4,0.0,1.0
r,10035:10053:10071,`000,1072,0.0,1.0
r,10035:10053:10071,`001,14,0.0,1.0
r,10035:10053:10071,`010,0,0.0,1.0
r,10035:10053:10071,`011,0,0.0,1.0
r,10035:10053:10071,`100,0,0.0,1.0
r,10035:10053:10071,`101,0,0.0,1.0
r,10035:10053:10071,`110,0,0.0,1.0
r,10035:10053:10071,`111,4,0.0,1.0
r,10035:10053:10075,`000,1086,0.0,1.0
r,10035:10053:10075,`001,0,0.0,1.0
r,10035:10053:10075,`010,0,0.0,1.0
r,10035:10053:10075,`011,0,0.0,1.0
r,10035:10053:10075,`100,0,0.0,1.0
r,10035:10053:10075,`101,0,0.0,1.0
r,10035:10053:10075,`110,0,0.0,1.0
r,10035:10053:10075,`111,4,0.0,1.0
r,10035:10053:10081,`000,1086,0.0,1.0
r,10035:10053:10081,`001,0,0.0,1.0
r,10035:10053:10081,`010,0,0.0,1.0
r,10035:10053:10081,`011,0,0.0,1.0
r,10035:10053:10081,`100,0,0.0,1.0
r,10035:10053:10081,`101,0,0.0,1.0
r,10035:10053:10081,`110,0,0.0,1.0
r,10035:10053:10081,`111,4,0.0,1.0
r,10035:10053:10088,`000,1047,0.0,1.0
r,10035:10053:10088,`001,9,0.0,1.0
r,10035:10053:10088,`010,0,0.0,1.0
r,10035:10053:10088,`011,0,0.0,1.0
r,10035:10053:10088,`100,0,0.0,1.0
r,10035:10053:10088,`101,0,0.0,1.0
r,10035:10053:10088,`110,0,0.0,1.0
r,10035:10053:10088,`111,4,0.0,1.0
r,10035:10053:10096,`000,1056,0.0,1.0
r,10035:10053:10096,`001,0,0.0,1.0
r,10035:10053:10096,`010,0,0.0,1.0
r,10035:10053:10096,`011,0,0.0,1.0
r,10035:10053:10096,`100,0,0.0,1.0
r,10035:10053:10096,`101,0,0.0,1.0
r,10035:10053:10096,`110,0,0.0,1.0
r,10035:10053:10096,`111,4,0.0,1.0
r,10035:10053:10102,`000,1054,0.0,1.0
r,10035:10053:10102,`001,0,0.0,1.0
r,10035:10053:10102,`010,0,0.0,1.0
r,10035:10053:10102,`011,0,0.0,1.0
r,10035:10053:10102,`100,0,0.0,1.0
r,10035:10053:10102,`101,0,0.0,1.0
r,10035:10053:10102,`110,0,0.0,1.0
r,10035:10053:10102,`111,4,0.0,1.0
r,10035:10053:10109,`000,1005,0.0,1.0
r,10035:10053:10109,`001,49,0.0,1.0
r,10035:10053:10109,`010,0,0.0,1.0
r,10035:10053:10109,`011,0,0.0,1.0
r,10035:10053:10109,`100,0,0.0,1.0
r,10035:10053:10109,`101,0,0.0,1.0
r,10035:10053:10109,`110,0,0.0,1.0
r,10035:10053:10109,`111,4,0.0,1.0
r,10035:10053:10111,`000,1055,0.0,1.0
r,10035:10053:10111,`001,0,0.0,1.0
r,10035:10053:10111,`010,0,0.0,1.0
r,10035:10053:10111,`011,0,0.0,1.0
r,10035:10053:10111,`100,0,0.0,1.0
r,10035:10053:10111,`101,0,0.0,1.0
r,10035:10053:10111,`110,0,0.0,1.0
r,10035:10053:10111,`111,4,0.0,1.0
r,10035:10053:10118,`000,955,0.0,1.0
r,10035:10053:10118,`001,0,0.0,1.0
r,10035:10053:10118,`010,0,0.0,1.0
r,10035:10053:10118,`011,0,0.0,1.0
r,10035:10053:10118,`100,0,0.0,1.0
r,10035:10053:10118,`101,0,0.0,1.0
r,10035:10053:10118,`110,0,0.0,1.0
r,10035:10053:10118,`111,2,0.0,1.0
r,10035:10053:10121,`000,907,0.0,1.0
r,10035:10053:10121,`001,0,0.0,1.0
r,10035:10053:10121,`010,0,0.0,1.0
r,10035:10053:10121,`011,0,0.0,1.0
r,10035:10053:10121,`100,0,0.0,1.0
r,10035:10053:10121,`101,0,0.0,1.0
r,10035:10053:10121,`110,0,0.0,1.0
r,10035:10053:10121,`111,2,0.0,1.0
r,10035:10053:10130,`000,797,0.0,1.0
r,10035:10053:10130,`001,0,0.0,1.0
r,10035:10053:10130,`010,0,0.0,1.0
r,10035:10053:10130,`011,0,0.0,1.0
r,10035:10053:10130,`100,0,0.0,1.0
r,10035:10053:10130,`101,0,0.0,1.0
r,10035:10053:10130,`110,0,0.0,1.0
r,10035:10053:10130,`111,0,0.0,1.0
r,10035:10053:10133,`000,764,0.0,1.0
r,10035:10053:10133,`001,32,0.0,1.0
r,10035:10053:10133,`010,0,0.0,1.0
r,10035:10053:10133,`011,0,0.0,1.0
r,10035:10053:10133,`100,0,0.0,1.0
r,10035:10053:10133,`101,0,0.0,1.0
r,10035:10053:10133,`110,0,0.0,1.0
r,10035:10053:10133,`111,0,0.0,1.0
r,10035:10053:10140,`000,620,0.0,1.0
r,10035:10053:10140,`001,0,0.0,1.0
r,10035:10053:10140,`010,0,0.0,1.0
r,10035:10053:10140,`011,0,0.0,1.0
r,10035:10053:10140,`100,0,0.0,1.0
r,10035:10053:10140,`101,0,0.0,1.0
r,10035:10053:10140,`110,0,0.0,1.0
r,10035:10053:10140,`111,0,0.0,1.0
r,10035:10053:10146,`000,450,0.0,1.0
r,10035:10053:10146,`001,0,0.0,1.0
r,10035:10053:10146,`010,0,0.0,1.0
r,10035:10053:10146,`011,0,0.0,1.0
r,10035:10053:10146,`100,0,0.0,1.0
r,10035:10053:10146,`101,0,0.0,1.0
r,10035:10053:10146,`110,0,0.0,1.0
r,10035:10053:10146,`111,0,0.0,1.0
r,10035:10053:10150,`000,450,0.0,1.0
r,10035:10053:10150,`001,0,0.0,1.0
r,10035:10053:10150,`010,0,0.0,1.0
r,10035:10053:10150,`011,0,0.0,1.0
r,10035:10053:10150,`100,0,0.0,1.0
r,10035:10053:10150,`101,0,0.0,1.0
r,10035:10053:10150,`110,0,0.0,1.0
r,10035:10053:10150,`111,0,0.0,1.0
r,10035:10053:10159,`000,364,0.0,1.0
r,10035:10053:10159,`001,0,0.0,1.0
r,10035:10053:10159,`010,0,0.0,1.0
r,10035:10053:10159,`011,0,0.0,1.0
r,10035:10053:10159,`100,0,0.0,1.0
r,10035:10053:10159,`101,0,0.0,1.0
r,10035:10053:10159,`110,0,0.0,1.0
r,10035:10053:10159,`111,0,0.0,1.0
r,10035:10053:10162,`000,332,0.0,1.0
r,10035:10053:10162,`001,0,0.0,1.0
r,10035:10053:10162,`010,0,0.0,1.0
r,10035:10053:10162,`011,0,0.0,1.0
r,10035:10053:10162,`100,0,0.0,1.0
r,10035:10053:10162,`101,0,0.0,1.0
r,10035:10053:10162,`110,0,0.0,1.0
r,10035:10053:10162,`111,0,0.0,1.0
r,10035:10053:10179,`000,94,0.0,1.0
r,10035:10053:10179,`001,0,0.0,1.0
r,10035:10053:10179,`010,0,0.0,1.0
r,10035:10053:10179,`011,0,0.0,1.0
r,10035:10053:10179,`100,0,0.0,1.0
r,10035:10053:10179,`101,0,0.0,1.0
r,10035:10053:10179,`110,0,0.0,1.0
r,10035:10053:10179,`111,0,0.0,1.0
r,10035:10058:10071,`000,1069,0.0,1.0
r,10035:10058:10071,`001,0,0.0,1.0
r,10035:10058:10071,`010,3,0.0,1.0
r,10035:10058:10071,`011,14,0.0,1.0
r,10035:10058:10071,`100,0,0.0,1.0
r,10035:10058:10071,`101,0,0.0,1.0
r,10035:10058:10071,`110,0,0.0,1.0
r,10035:10058:10071,`111,4,0.0,1.0
r,10035:10058:10075,`000,1069,0.0,1.0
r,10035:10058:10075,`001,0,0.0,1.0
r,10035:10058:10075,`010,17,0.0,1.0
r,10035:10058:10075,`011,0,0.0,1.0
r,10035:10058:10075,`100,0,0.0,1.0
r,10035:10058:10075,`101,0,0.0,1.0
r,10035:10058:10075,`110,0,0.0,1.0
r,10035:10058:10075,`111,4,0.0,1.0
r,10035:10058:10081,`000,1069,0.0,1.0
r,10035:10058:10081,`001,0,0.0,1.0
r,10035:10058:10081,`010,17,0.0,1.0
r,10035:10058:10081,`011,0,0.0,1.0
r,10035:10058:10081,`100,0,0.0,1.0
r,10035:10058:10081,`101,0,0.0,1.0
r,10035:10058:10081,`110,0,0.0,1.0
r,10035:10058:10081,`111,4,0.0,1.0
r,10035:10058:10088,`000,1030,0.0,1.0
r,10035:10058:10088,`001,9,0.0,1.0
r,10035:10058:10088,`010,17,0.0,1.0
r,10035:10058:10088,`011,0,0.0,1.0
r,10035:10058:10088,`100,0,0.0,1.0
r,10035:10058:10088,`101,0,0.0,1.0
r,10035:10058:10088,`110,0,0.0,1.0
r,10035:10058:10088,`111,4,0.0,1.0
r,10035:10058:10096,`000,1039,0.0,1.0
r,10035:10058:10096,`001,0,0.0,1.0
r,10035:10058:10096,`010,17,0.0,1.0
r,10035:10058:10096,`011,0,0.0,1.0
r,10035:10058:10096,`100,0,0.0,1.0
r,10035:10058:10096,`101,0,0.0,1.0
r,10035:10058:10096,`110,0,0.0,1.0
r,10035:10058:10096,`111,4,0.0,1.0
r,10035:10058:10102,`000,1037,0.0,1.0
r,10035:10058:10102,`001,0,0.0,1.0
r,10035:10058:10102,`010,17,0.0,1.0
r,10035:10058:10102,`011,0,0.0,1.0
r,10035:10058:10102,`100,0,0.0,1.0
r,10035:10058:10102,`101,0,0.0,1.0
r,10035:10058:10102,`110,0,0.0,1.0
r,10035:10058:10102,`111,4,0.0,1.0
r,10035:10058:10109,`000,1002,0.0,1.0
r,10035:10058:10109,`001,35,0.0,1.0
r,10035:10058:10109,`010,3,0.0,1.0
r,10035:10058:10109,`011,14,0.0,1.0
r,10035:10058:10109,`100,0,0.0,1.0
r,10035:10058:10109,`101,0,0.0,1.0
r,10035:10058:10109,`110,0,0.0,1.0
r,10035:10058:10109,`111,4,0.0,1.0
r,10035:10058:10111,`000,1038,0.0,1.0
r,10035:10058:10111,`001,0,0.0,1.0
r,10035:10058:10111,`010,17,0.0,1.0
r,10035:10058:10111,`011,0,0.0,1.0
r,10035:10058:10111,`100,0,0.0,1.0
r,10035:10058:10111,`101,0,0.0,1.0
r,10035:10058:10111,`110,0,0.0,1.0
r,10035:10058:10111,`111,4,0.0,1.0
r,10035:10058:10118,`000,938,0.0,1.0
r,10035:10058:10118,`001,0,0.0,1.0
r,10035:10058:10118,`010,17,0.0,1.0
r,10035:10058:10118,`011,0,0.0,1.0
r,10035:10058:10118,`100,0,0.0,1.0
r,10035:10058:10118,`101,0,0.0,1.0
r,10035:10058:10118,`110,0,0.0,1.0
r,10035:10058:10118,`111,2,0.0,1.0
r,10035:10058:10121,`000,890,0.0,1.0
r,10035:10058:10121,`001,0,0.0,1.0
r,10035:10058:10121,`010,17,0.0,1.0
r,10035:10058:10121,`011,0,0.0,1.0
r,10035:10058:10121,`100,0,0.0,1.0
r,10035:10058:10121,`101,0,0.0,1.0
r,10035:10058:10121,`110,0,0.0,1.0
r,10035:10058:10121,`111,2,0.0,1.0
r,10035:10058:10130,`000,794,0.0,1.0
r,10035:10058:10130,`001,0,0.0,1.0
r,10035:10058:10130,`010,3,0.0,1.0
r,10035:10058:10130,`011,0,0.0,1.0
r,10035:10058:10130,`100,0,0.0,1.0
r,10035:10058:10130,`101,0,0.0,1.0
r,10035:10058:10130,`110,0,0.0,1.0
r,10035:10058:10130,`111,0,0.0,1.0
r,10035:10058:10133,`000,761,0.0,1.0
r,10035:10058:10133,`001,32,0.0,1.0
r,10035:10058:10133,`010,3,0.0,1.0
r,10035:10058:10133,`011,0,0.0,1.0
r,10035:10058:10133,`100,0,0.0,1.0
r,10035:10058:10133,`101,0,0.0,1.0
r,10035:10058:10133,`110,0,0.0,1.0
r,10035:10058:10133,`111,0,0.0,1.0
r,10035:10058:10140,`000,617,0.0,1.0
r,10035:10058:10140,`001,0,0.0,1.0
r,10035:10058:10140,`010,3,0.0,1.0
r,10035:10058:10140,`011,0,0.0,1.0
r,10035:10058:10140,`100,0,0.0,1.0
r,10035:10058:10140,`101,0,0.0,1.0
r,10035:10058:10140,`110,0,0.0,1.0
r,10035:10058:10140,`111,0,0.0,1.0
r,10035:10058:10146,`000,447,0.0,1.0
r,10035:10058:10146,`001,0,0.0,1.0
r,10035:10058:10146,`010,3,0.0,1.0
r,10035:10058:10146,`011,0,0.0,1.0
r,10035:10058:10146,`100,0,0.0,1.0
r,10035:10058:10146,`101,0,0.0,1.0
r,10035:10058:10146,`110,0,0.0,1.0
r,10035:10058:10146,`111,0,0.0,1.0
r,10035:10058:10150,`000,447,0.0,1.0
r,10035:10058:10150,`001,0,0.0,1.0
r,10035:10058:10150,`010,3,0.0,1.0
r,10035:10058:10150,`011,0,0.0,1.0
r,10035:10058:10150,`100,0,0.0,1.0
r,10035:10058:10150,`101,0,0.0,1.0
r,10035:10058:10150,`110,0,0.0,1.0
r,10035:10058:10150,`111,0,0.0,1.0
r,10035:10058:10159,`000,364,0.0,1.0
r,10035:10058:10159,`001,0,0.0,1.0
r,10035:10058:10159,`010,0,0.0,1.0
r,10035:10058:10159,`011,0,0.0,1.0
r,10035:10058:10159,`100,0,0.0,1.0
r,10035:10058:10159,`101,0,0.0,1.0
r,10035:10058:10159,`110,0,0.0,1.0
r,10035:10058:10159,`111,0,0.0,1.0
r,10035:10058:10162,`000,332,0.0,1.0
r,10035:10058:10162,`001,0,0.0,1.0
r,10035:10058:10162,`010,0,0.0,1.0
r,10035:10058:10162,`011,0,0.0,1.0
r,10035:10058:10162,`100,0,0.0,1.0
r,10035:10058:10162,`101,0,0.0,1.0
r,10035:10058:10162,`110,0,0.0,1.0
r,10035:10058:10162,`111,0,0.0,1.0
r,10035:10058:10179,`000,94,0.0,1.0
r,10035:10058:10179,`001,0,0.0,1.0
r,10035:10058:10179,`010,0,0.0,1.0
r,10035:10058:10179,`011,0,0.0,1.0
r,10035:10058:10179,`100,0,0.0,1.0
r,10035:10058:10179,`101,0,0.0,1.0
r,10035:10058:10179,`110,0,0.0,1.0
r,10035:10058:10179,`111,0,0.0,1.0
r,10035:10071:10075,`000,1072,0.0,1.0
r,10035:10071:10075,`001,0,0.0,1.0
r,10035:10071:10075,`010,14,0.0,1.0
r,10035:10071:10075,`011,0,0.0,1.0
r,10035:10071:10075,`100,0,0.0,1.0
r,10035:10071:10075,`101,0,0.0,1.0
r,10035:10071:10075,`110,0,0.0,1.0
r,10035:10071:10075,`111,4,0.0,1.0
r,10035:10071:10081,`000,1072,0.0,1.0
r,10035:10071:10081,`001,0,0.0,1.0
r,10035:10071:10081,`010,14,0.0,1.0
r,10035:10071:10081,`011,0,0.0,1.0
r,10035:10071:10081,`100,0,0.0,1.0
r,10035:10071:10081,`101,0,0.0,1.0
r,10035:10071:10081,`110,0,0.0,1.0
r,10035:10071:10081,`111,4,0.0,1.0
r,10035:10071:10088,`000,1033,0.0,1.0
r,10035:10071:10088,`001,9,0.0,1.0
r,10035:10071:10088,`010,14,0.0,1.0
r,10035:10071:10088,`011,0,0.0,1.0
r,10035:10071:10088,`100,0,0.0,1.0
r,10035:10071:10088,`101,0,0.0,1.0
r,10035:10071:10088,`110,0,0.0,1.0
r,10035:10071:10088,`111,4,0.0,1.0
r,10035:10071:10096,`000,1042,0.0,1.0
r,10035:10071:10096,`001,0,0.0,1.0
r,10035:10071:10096,`010,14,0.0,1.0
r,10035:10071:10096,`011,0,0.0,1.0
r,10035:10071:10096,`100,0,0.0,1.0
r,10035:10071:10096,`101,0,0.0,1.0
r,10035:10071:10096,`110,0,0.0,1.0
r,10035:10071:10096,`111,4,0.0,1.0
r,10035:10071:10102,`000,1040,0.0,1.0
r,10035:10071:10102,`001,0,0.0,1.0
r,10035:10071:10102,`010,14,0.0,1.0
r,10035:10071:10102,`011,0,0.0,1.0
r,10035:10071:10102,`100,0,0.0,1.0
r,10035:10071:10102,`101,0,0.0,1.0
r,10035:10071:10102,`110,0,0.0,1.0
r,10035:10071:10102,`111,4,0.0,1.0
r,10035:10071:10109,`000,1005,0.0,1.0
r,10035:10071:10109,`001,35,0.0,1.0
r,10035:10071:10109,`010,0,0.0,1.0
r,10035:10071:10109,`011,14,0.0,1.0
r,10035:10071:10109,`100,0,0.0,1.0
r,10035:10071:10109,`101,0,0.0,1.0
r,10035:10071:10109,`110,0,0.0,1.0
r,10035:10071:10109,`111,4,0.0,1.0
r,10035:10071:10111,`000,1041,0.0,1.0
r,10035:10071:10111,`001,0,0.0,1.0
r,10035:10071:10111,`010,14,0.0,1.0
r,10035:10071:10111,`011,0,0.0,1.0
r,10035:10071:10111,`100,0,0.0,1.0
r,10035:10071:10111,`101,0,0.0,1.0
r,10035:10071:10111,`110,0,0.0,1.0
r,10035:10071:10111,`111,4,0.0,1.0
r,10035:10071:10118,`000,941,0.0,1.0
r,10035:10071:10118,`001,0,0.0,1.0
r,10035:10071:10118,`010,14,0.0,1.0
r,10035:10071:10118,`011,0,0.0,1.0
r,10035:10071:10118,`100,0,0.0,1.0
r,10035:10071:10118,`101,0,0.0,1.0
r,10035:10071:10118,`110,0,0.0,1.0
r,10035:10071:10118,`111,2,0.0,1.0
r,10035:10071:10121,`000,893,0.0,1.0
r,10035:10071:10121,`001,0,0.0,1.0
r,10035:10071:10121,`010,14,0.0,1.0
r,10035:10071:10121,`011,0,0.0,1.0
r,10035:10071:10121,`100,0,0.0,1.0
r,10035:10071:10121,`101,0,0.0,1.0
r,10035:10071:10121,`110,0,0.0,1.0
r,10035:10071:10121,`111,2,0.0,1.0
r,10035:10071:10130,`000,797,0.0,1.0
r,10035:10071:10130,`001,0,0.0,1.0
r,10035:10071:10130,`010,0,0.0,1.0
r,10035:10071:10130,`011,0,0.0,1.0
r,10035:10071:10130,`100,0,0.0,1.0
r,10035:10071:10130,`101,0,0.0,1.0
r,10035:10071:10130,`110,0,0.0,1.0
r,10035:10071:10130,`111,0,0.0,1.0
r,10035:10071:10133,`000,764,0.0,1.0
r,10035:10071:10133,`001,32,0.0,1.0
r,10035:10071:10133,`010,0,0.0,1.0
r,10035:10071:10133,`011,0,0.0,1.0
r,10035:10071:10133,`100,0,0.0,1.0
r,10035:10071:10133,`101,0,0.0,1.0
r,10035:10071:10133,`110,0,0.0,1.0
r,10035:10071:10133,`111,0,0.0,1.0
r,10035:10071:10140,`000,620,0.0,1.0
r,10035:10071:10140,`001,0,0.0,1.0
r,10035:10071:10140,`010,0,0.0,1.0
r,10035:10071:10140,`011,0,0.0,1.0
r,10035:10071:10140,`100,0,0.0,1.0
r,10035:10071:10140,`101,0,0.0,1.0
r,10035:10071:10140,`110,0,0.0,1.0
r,10035:10071:10140,`111,0,0.0,1.0
r,10035:10071:10146,`000,450,0.0,1.0
r,10035:10071:10146,`001,0,0.0,1.0
r,10035:10071:10146,`010,0,0.0,1.0
r,10035:10071:10146,`011,0,0.0,1.0
r,10035:10071:10146,`100,0,0.0,1.0
r,10035:10071:10146,`101,0,0.0,1.0
r,10035:10071:10146,`110,0,0.0,1.0
r,10035:10071:10146,`111,0,0.0,1.0
r,10035:10071:10150,`000,450,0.0,1.0
r,10035:10071:10150,`001,0,0.0,1.0
r,10035:10071:10150,`010,0,0.0,1.0
r,10035:10071:10150,`011,0,0.0,1.0
r,10035:10071:10150,`100,0,0.0,1.0
r,10035:10071:10150,`101,0,0.0,1.0
r,10035:10071:10150,`110,0,0.0,1.0
r,10035:10071:10150,`111,0,0.0,1.0
r,10035:10071:10159,`000,364,0.0,1.0
r,10035:10071:10159,`001,0,0.0,1.0
r,10035:10071:10159,`010,0,0.0,1.0
r,10035:10071:10159,`011,0,0.0,1.0
r,10035:10071:10159,`100,0,0.0,1.0
r,10035:10071:10159,`101,0,0.0,1.0
r,10035:10071:10159,`110,0,0.0,1.0
r,10035:10071:10159,`111,0,0.0,1.0
r,10035:10071:10162,`000,332,0.0,1.0
r,10035:10071:10162,`001,0,0.0,1.0
r,10035:10071:10162,`010,0,0.0,1.0
r,10035:10071:10162,`011,0,0.0,1.0
r,10035:10071:10162,`100,0,0.0,1.0
r,10035:10071:10162,`101,0,0.0,1.0
r,10035:10071:10162,`110,0,0.0,1.0
r,10035:10071:10162,`111,0,0.0,1.0
r,10035:10071:10179,`000,94,0.0,1.0
r,10035:10071:10179,`001,0,0.0,1.0
r,10035:10071:10179,`010,0,0.0,1.0
r,10035:10071:10179,`011,0,0.0,1.0
r,10035:10071:10179,`100,0,0.0,1.0
r,10035:10071:10179,`101,0,0.0,1.0
r,10035:10071:10179,`110,0,0.0,1.0
r,10035:10071:10179,`111,0,0.0,1.0
r,10035:10075:10081,`000,1086,0.0,1.0
r,10035:10075:10081,`001,0,0.0,1.0
r,10035:10075:10081,`010,0,0.0,1.0
r,10035:10075:10081,`011,0,0.0,1.0
r,10035:10075:10081,`100,0,0.0,1.0
r,10035:10075:10081,`101,0,0.0,1.0
r,10035:10075:10081,`110,0,0.0,1.0
r,10035:10075:10081,`111,4,0.0,1.0
r,10035:10075:10088,`000,1047,0.0,1.0
r,10035:10075:10088,`001,9,0.0,1.0
r,10035:10075:10088,`010,0,0.0,1.0
r,10035:10075:10088,`011,0,0.0,1.0
r,10035:10075:10088,`100,0,0.0,1.0
r,10035:10075:10088,`101,0,0.0,1.0
r,10035:10075:10088,`110,0,0.0,1.0
r,10035:10075:10088,`111,4,0.0,1.0
r,10035:10075:10096,`000,1056,0.0,1.0
r,10035:10075:10096,`001,0,0.0,1.0
r,10035:10075:10096,`010,0,0.0,1.0
r,10035:10075:10096,`011,0,0.0,1.0
r,10035:10075:10096,`100,0,0.0,1.0
r,10035:10075:10096,`101,0,0.0,1.0
r,10035:10075:10096,`110,0,0.0,1.0
r,10035:10075:10096,`111,4,0.0,1.0
r,10035:10075:10102,`000,1054,0.0,1.0
r,10035:10075:10102,`001,0,0.0,1.0
r,10035:10075:10102,`010,0,0.0,1.0
r,10035:10075:10102,`011,0,0.0,1.0
r,10035:10075:10102,`100,0,0.0,1.0
r,10035:10075:10102,`101,0,0.0,1.0
r,10035:10075:10102,`110,0,0.0,1.0
r,10035:10075:10102,`111,4,0.0,1.0
r,10035:10075:10109,`000,1005,0.0,1.0
r,10035:10075:10109,`001,49,0.0,1.0
r,10035:10075:10109,`010,0,0.0,1.0
r,10035:10075:10109,`011,0,0.0,1.0
r,10035:10075:10109,`100,0,0.0,1.0
r,10035:10075:10109,`101,0,0.0,1.0
r,10035:10075:10109,`110,0,0.0,1.0
r,10035:10075:10109,`111,4,0.0,1.0
r,10035:10075:10111,`000,1055,0.0,1.0
r,10035:10075:10111,`001,0,0.0,1.0
r,10035:10075:10111,`010,0,0.0,1.0
r,10035:10075:10111,`011,0,0.0,1.0
r,10035:10075:10111,`100,0,0.0,1.0
r,10035:10075:10111,`101,0,0.0,1.0
r,10035:10075:10111,`110,0,0.0,1.0
r,10035:10075:10111,`111,4,0.0,1.0
r,10035:10075:10118,`000,955,0.0,1.0
r,10035:10075:10118,`001,0,0.0,1.0
r,10035:10075:10118,`010,0,0.0,1.0
r,10035:10075:10118,`011,0,0.0,1.0
r,10035:10075:10118,`100,0,0.0,1.0
r,10035:10075:10118,`101,0,0.0,1.0
r,10035:10075:10118,`110,0,0.0,1.0
r,10035:10075:10118,`111,2,0.0,1.0
r,10035:10075:10121,`000,907,0.0,1.0
r,10035:10075:10121,`001,0,0.0,1.0
r,10035:10075:10121,`010,0,0.0,1.0
r,10035:10075:10121,`011,0,0.0,1.0
r,10035:10075:10121,`100,0,0.0,1.0
r,10035:10075:10121,`101,0,0.0,1.0
r,10035:10075:10121,`110,0,0.0,1.0
r,10035:10075:10121,`111,2,0.0,1.0
r,10035:10075:10130,`000,797,0.0,1.0
r,10035:10075:10130,`001,0,0.0,1.0
r,10035:10075:10130,`010,0,0.0,1.0
r,10035:10075:10130,`011,0,0.0,1.0
r,10035:10075:10130,`100,0,0.0,1.0
r,10035:10075:10130,`101,0,0.0,1.0
r,10035:10075:10130,`110,0,0.0,1.0
r,10035:10075:10130,`111,0,0.0,1.0
r,10035:10075:10133,`000,764,0.0,1.0
r,10035:10075:10133,`001,32,0.0,1.0
r,10035:10075:10133,`010,0,0.0,1.0
r,10035:10075:10133,`011,0,0.0,1.0
r,10035:10075:10133,`100,0,0.0,1.0
r,10035:10075:10133,`101,0,0.0,1.0
r,10035:10075:10133,`110,0,0.0,1.0
r,10035:10075:10133,`111,0,0.0,1.0
r,10035:10075:10140,`000,620,0.0,1.0
r,10035:10075:10140,`001,0,0.0,1.0
r,10035:10075:10140,`010,0,0.0,1.0
r,10035:10075:10140,`011,0,0.0,1.0
r,10035:10075:10140,`100,0,0.0,1.0
r,10035:10075:10140,`101,0,0.0,1.0
r,10035:10075:10140,`110,0,0.0,1.0
r,10035:10075:10140,`111,0,0.0,1.0
r,10035:10075:10146,`000,450,0.0,1.0
r,10035:10075:10146,`001,0,0.0,1.0
r,10035:10075:10146,`010,0,0.0,1.0
r,10035:10075:10146,`011,0,0.0,1.0
r,10035:10075:10146,`100,0,0.0,1.0
r,10035:10075:10146,`101,0,0.0,1.0
r,10035:10075:10146,`110,0,0.0,1.0
r,10035:10075:10146,`111,0,0.0,1.0
r,10035:10075:10150,`000,450,0.0,1.0
r,10035:10075:10150,`001,0,0.0,1.0
r,10035:10075:10150,`010,0,0.0,1.0
r,10035:10075:10150,`011,0,0.0,1.0
r,10035:10075:10150,`100,0,0.0,1.0
r,10035:10075:10150,`101,0,0.0,1.0
r,10035:10075:10150,`110,0,0.0,1.0
r,10035:10075:10150,`111,0,0.0,1.0
r,10035:10075:10159,`000,364,0.0,1.0
r,10035:10075:10159,`001,0,0.0,1.0
r,10035:10075:10159,`010,0,0.0,1.0
r,10035:10075:10159,`011,0,0.0,1.0
r,10035:10075:10159,`100,0,0.0,1.0
r,10035:10075:10159,`101,0,0.0,1.0
r,10035:10075:10159,`110,0,0.0,1.0
r,10035:10075:10159,`111,0,0.0,1.0
r,10035:10075:10162,`000,332,0.0,1.0
r,10035:10075:10162,`001,0,0.0,1.0
r,10035:10075:10162,`010,0,0.0,1.0
r,10035:10075:10162,`011,0,0.0,1.0
r,10035:10075:10162,`100,0,0.0,1.0
r,10035:10075:10162,`101,0,0.0,1.0
r,10035:10075:10162,`110,0,0.0,1.0
r,10035:10075:10162,`111,0,0.0,1.0
r,10035:10075:10179,`000,94,0.0,1.0
r,10035:10075:10179,`001,0,0.0,1.0
r,10035:10075:10179,`010,0,0.0,1.0
r,10035:10075:10179,`011,0,0.0,1.0
r,10035:10075:10179,`100,0,0.0,1.0
r,10035:10075:10179,`101,0,0.0,1.0
r,10035:10075:10179,`110,0,0.0,1.0
r,10035:10075:10179,`111,0,0.0,1.0
r,10035:10081:10088,`000,1047,0.0,1.0
r,10035:10081:10088,`001,9,0.0,1.0
r,10035:10081:10088,`010,0,0.0,1.0
r,10035:10081:10088,`011,0,0.0,1.0
r,10035:10081:10088,`100,0,0.0,1.0
r,10035:10081:10088,`101,0,0.0,1.0
r,10035:10081:10088,`110,0,0.0,1.0
r,10035:10081:10088,`111,4,0.0,1.0
r,10035:10081:10096,`000,1056,0.0,1.0
r,10035:10081:10096,`001,0,0.0,1.0
r,10035:10081:10096,`010,0,0.0,1.0
r,10035:10081:10096,`011,0,0.0,1.0
r,10035:10081:10096,`100,0,0.0,1.0
r,10035:10081:10096,`101,0,0.0,1.0
r,10035:10081:10096,`110,0,0.0,1.0
r,10035:10081:10096,`111,4,0.0,1.0
r,10035:10081:10102,`000,1054,0.0,1.0
r,10035:10081:10102,`001,0,0.0,1.0
r,10035:10081:10102,`010,0,0.0,1.0
r,10035:10081:10102,`011,0,0.0,1.0
r,10035:10081:10102,`100,0,0.0,1.0
r,10035:10081:10102,`101,0,0.0,1.0
r,10035:10081:10102,`110,0,0.0,1.0
r,10035:10081:10102,`111,4,0.0,1.0
r,10035:10081:10109,`000,1005,0.0,1.0
r,10035:10081:10109,`001,49,0.0,1.0
r,10035:10081:10109,`010,0,0.0,1.0
r,10035:10081:10109,`011,0,0.0,1.0
r,10035:10081:10109,`100,0,0.0,1.0
r,10035:10081:10109,`101,0,0.0,1.0
r,10035:10081:10109,`110,0,0.0,1.0
r,10035:10081:10109,`111,4,0.0,1.0
r,10035:10081:10111,`000,1055,0.0,1.0
r,10035:10081:10111,`001,0,0.0,1.0
r,10035:10081:10111,`010,0,0.0,1.0
r,10035:10081:10111,`011,0,0.0,1.0
r,10035:10081:10111,`100,0,0.0,1.0
r,10035:10081:10111,`101,0,0.0,1.0
r,10035:10081:10111,`110,0,0.0,1.0
r,10035:10081:10111,`111,4,0.0,1.0
r,10035:10081:10118,`000,955,0.0,1.0
r,10035:10081:10118,`001,0,0.0,1.0
r,10035:10081:10118,`010,0,0.0,1.0
r,10035:10081:10118,`011,0,0.0,1.0
r,10035:10081:10118,`100,0,0.0,1.0
r,10035:10081:10118,`101,0,0.0,1.0
r,10035:10081:10118,`110,0,0.0,1.0
r,10035:10081:10118,`111,2,0.0,1.0
r,10035:10081:10121,`000,907,0.0,1.0
r,10035:10081:10121,`001,0,0.0,1.0
r,10035:10081:10121,`010,0,0.0,1.0
r,10035:10081:10121,`011,0,0.0,1.0
r,10035:10081:10121,`100,0,0.0,1.0
r,10035:10081:10121,`101,0,0.0,1.0
r,10035:10081:10121,`110,0,0.0,1.0
r,10035:10081:10121,`111,2,0.0,1.0
r,10035:10081:10130,`000,797,0.0,1.0
r,10035:10081:10130,`001,0,0.0,1.0
r,10035:10081:10130,`010,0,0.0,1.0
r,10035:10081:10130,`011,0,0.0,1.0
r,10035:10081:10130,`100,0,0.0,1.0
r,10035:10081:10130,`101,0,0.0,1.0
r,10035:10081:10130,`110,0,0.0,1.0
r,10035:10081:10130,`111,0,0.0,1.0
r,10035:10081:10133,`000,764,0.0,1.0
r,10035:10081:10133,`001,32,0.0,1.0
r,10035:10081:10133,`010,0,0.0,1.0
r,10035:10081:10133,`011,0,0.0,1.0
r,10035:10081:10133,`100,0,0.0,1.0
r,10035:10081:10133,`101,0,0.0,1.0
r,10035:10081:10133,`110,0,0.0,1.0
r,10035:10081:10133,`111,0,0.0,1.0
r,10035:10081:10140,`000,620,0.0,1.0
r,10035:10081:10140,`001,0,0.0,1.0
r,10035:10081:10140,`010,0,0.0,1.0
r,10035:10081:10140,`011,0,0.0,1.0
r,10035:10081:10140,`100,0,0.0,1.0
r,10035:10081:10140,`101,0,0.0,1.0
r,10035:10081:10140,`110,0,0.0,1.0
r,10035:10081:10140,`111,0,0.0,1.0
r,10035:10081:10146,`000,450,0.0,1.0
r,10035:10081:10146,`001,0,0.0,1.0
r,10035:10081:10146,`010,0,0.0,1.0
r,10035:10081:10146,`011,0,0.0,1.0
r,10035:10081:10146,`100,0,0.0,1.0
r,10035:10081:10146,`101,0,0.0,1.0
r,10035:10081:10146,`110,0,0.0,1.0
r,10035:10081:10146,`111,0,0.0,1.0
r,10035:10081:10150,`000,450,0.0,1.0
r,10035:10081:10150,`001,0,0.0,1.0
r,10035:10081:10150,`010,0,0.0,1.0
r,10035:10081:10150,`011,0,0.0,1.0
r,10035:10081:10150,`100,0,0.0,1.0
r,10035:10081:10150,`101,0,0.0,1.0
r,10035:10081:10150,`110,0,0.0,1.0
r,10035:10081:10150,`111,0,0.0,1.0
r,10035:10081:10159,`000,364,0.0,1.0
r,10035:10081:10159,`001,0,0.0,1.0
r,10035:10081:10159,`010,0,0.0,1.0
r,10035:10081:10159,`011,0,0.0,1.0
r,10035:10081:10159,`100,0,0.0,1.0
r,10035:10081:10159,`101,0,0.0,1.0
r,10035:10081:10159,`110,0,0.0,1.0
r,10035:10081:10159,`111,0,0.0,1.0
r,10035:10081:10162,`000,332,0.0,1.0
r,10035:10081:10162,`001,0,0.0,1.0
r,10035:10081:10162,`010,0,0.0,1.0
r,10035:10081:10162,`011,0,0.0,1.0
r,10035:10081:10162,`100,0,0.0,1.0
r,10035:10081:10162,`101,0,0.0,1.0
r,10035:10081:10162,`110,0,0.0,1.0
r,10035:10081:10162,`111,0,0.0,1.0
r,10035:10081:10179,`000,94,0.0,1.0
r,10035:10081:10179,`001,0,0.0,1.0
r,10035:10081:10179,`010,0,0.0,1.0
r,10035:10081:10179,`011,0,0.0,1.0
r,10035:10081:10179,`100,0,0.0,1.0
r,10035:10081:10179,`101,0,0.0,1.0
r,10035:10081:10179,`110,0,0.0,1.0
r,10035:10081:10179,`111,0,0.0,1.0
r,10035:10088:10096,`000,1047,0.0,1.0
r,10035:10088:10096,`001,0,0.0,1.0
r,10035:10088:10096,`010,9,0.0,1.0
r,10035:10088:10096,`011,0,0.0,1.0
r,10035:10088:10096,`100,0,0.0,1.0
r,10035:10088:10096,`101,0,0.0,1.0
r,10035:10088:10096,`110,0,0.0,1.0
r,10035:10088:10096,`111,4,0.0,1.0
r,10035:10088:10102,`000,1045,0.0,1.0
r,10035:10088:10102,`001,0,0.0,1.0
r,10035:10088:10102,`010,9,0.0,1.0
r,10035:10088:10102,`011,0,0.0,1.0
r,10035:10088:10102,`100,0,0.0,1.0
r,10035:10088:10102,`101,0,0.0,1.0
r,10035:10088:10102,`110,0,0.0,1.0
r,10035:10088:10102,`111,4,0.0,1.0
r,10035:10088:10109,`000,996,0.0,1.0
r,10035:10088:10109,`001,49,0.0,1.0
r,10035:10088:10109,`010,9,0.0,1.0
r,10035:10088:10109,`011,0,0.0,1.0
r,10035:10088:10109,`100,0,0.0,1.0
r,10035:10088:10109,`101,0,0.0,1.0
r,10035:10088:10109,`110,0,0.0,1.0
r,10035:10088:10109,`111,4,0.0,1.0
r,10035:10088:10111,`000,1046,0.0,1.0
r,10035:10088:10111,`001,0,0.0,1.0
r,10035:10088:10111,`010,9,0.0,1.0
r,10035:10088:10111,`011,0,0.0,1.0
r,10035:10088:10111,`100,0,0.0,1.0
r,10035:10088:10111,`101,0,0.0,1.0
r,10035:10088:10111,`110,0,0.0,1.0
r,10035:10088:10111,`111,4,0.0,1.0
r,10035:10088:10118,`000,946,0.0,1.0
r,10035:10088:10118,`001,0,0.0,1.0
r,10035:10088:10118,`010,9,0.0,1.0
r,10035:10088:10118,`011,0,0.0,1.0
r,10035:10088:10118,`100,0,0.0,1.0
r,10035:10088:10118,`101,0,0.0,1.0
r,10035:10088:10118,`110,0,0.0,1.0
r,10035:10088:10118,`111,2,0.0,1.0
r,10035:10088:10121,`000,898,0.0,1.0
r,10035:10088:10121,`001,0,0.0,1.0
r,10035:10088:10121,`010,9,0.0,1.0
r,10035:10088:10121,`011,0,0.0,1.0
r,10035:10088:10121,`100,0,0.0,1.0
r,10035:10088:10121,`101,0,0.0,1.0
r,10035:10088:10121,`110,0,0.0,1.0
r,10035:10088:10121,`111,2,0.0,1.0
r,10035:10088:10130,`000,788,0.0,1.0
r,10035:10088:10130,`001,0,0.0,1.0
r,10035:10088:10130,`010,9,0.0,1.0
r,10035:10088:10130,`011,0,0.0,1.0
r,10035:10088:10130,`100,0,0.0,1.0
r,10035:10088:10130,`101,0,0.0,1.0
r,10035:10088:10130,`110,0,0.0,1.0
r,10035:10088:10130,`111,0,0.0,1.0
r,10035:10088:10133,`000,755,0.0,1.0
r,10035:10088:10133,`001,32,0.0,1.0
r,10035:10088:10133,`010,9,0.0,1.0
r,10035:10088:10133,`011,0,0.0,1.0
r,10035:10088:10133,`100,0,0.0,1.0
r,10035:10088:10133,`101,0,0.0,1.0
r,10035:10088:10133,`110,0,0.0,1.0
r,10035:10088:10133,`111,0,0.0,1.0
r,10035:10088:10140,`000,611,0.0,1.0
r,10035:10088:10140,`001,0,0.0,1.0
r,10035:10088:10140,`010,9,0.0,1.0
r,10035:10088:10140,`011,0,0.0,1.0
r,10035:10088:10140,`100,0,0.0,1.0
r,10035:10088:10140,`101,0,0.0,1.0
r,10035:10088:10140,`110,0,0.0,1.0
r,10035:10088:10140,`111,0,0.0,1.0
r,10035:10088:10146,`000,441,0.0,1.0
r,10035:10088:10146,`001,0,0.0,1.0
r,10035:10088:10146,`010,9,0.0,1.0
r,10035:10088:10146,`011,0,0.0,1.0
r,10035:10088:10146,`100,0,0.0,1.0
r,10035:10088:10146,`101,0,0.0,1.0
r,10035:10088:10146,`110,0,0.0,1.0
r,10035:10088:10146,`111,0,0.0,1.0
r,10035:10088:10150,`000,441,0.0,1.0
r,10035:10088:10150,`001,0,0.0,1.0
r,10035:10088:10150,`010,9,0.0,1.0
r,10035:10088:10150,`011,0,0.0,1.0
r,10035:10088:10150,`100,0,0.0,1.0
r,10035:10088:10150,`101,0,0.0,1.0
r,10035:10088:10150,`110,0,0.0,1.0
r,10035:10088:10150,`111,0,0.0,1.0
r,10035:10088:10159,`000,355,0.0,1.0
r,10035:10088:10159,`001,0,0.0,1.0
r,10035:10088:10159,`010,9,0.0,1.0
r,10035:10088:10159,`011,0,0.0,1.0
r,10035:10088:10159,`100,0,0.0,1.0
r,10035:10088:10159,`101,0,0.0,1.0
r,10035:10088:10159,`110,0,0.0,1.0
r,10035:10088:10159,`111,0,0.0,1.0
r,10035:10088:10162,`000,323,0.0,1.0
r,10035:10088:10162,`001,0,0.0,1.0
r,10035:10088:10162,`010,9,0.0,1.0
r,10035:10088:10162,`011,0,0.0,1.0
r,10035:10088:10162,`100,0,0.0,1.0
r,10035:10088:10162,`101,0,0.0,1.0
r,10035:10088:10162,`110,0,0.0,1.0
r,10035:10088:10162,`111,0,0.0,1.0
r,10035:10088:10179,`000,94,0.0,1.0
r,10035:10088:10179,`001,0,0.0,1.0
r,10035:10088:10179,`010,0,0.0,1.0
r,10035:10088:10179,`011,0,0.0,1.0
r,10035:10088:10179,`100,0,0.0,1.0
r,10035:10088:10179,`101,0,0.0,1.0
r,10035:10088:10179,`110,0,0.0,1.0
r,10035:10088:10179,`111,0,0.0,1.0
r,10035:10096:10102,`000,1054,0.0,1.0
r,10035:10096:10102,`001,0,0.0,1.0
r,10035:10096:10102,`010,0,0.0,1.0
r,10035:10096:10102,`011,0,0.0,1.0
r,10035:10096:10102,`100,0,0.0,1.0
r,10035:10096:10102,`101,0,0.0,1.0
r,10035:10096:10102,`110,0,0.0,1.0
r,10035:10096:10102,`111,4,0.0,1.0
r,10035:10096:10109,`000,1005,0.0,1.0
r,10035:10096:10109,`001,49,0.0,1.0
r,10035:10096:10109,`010,0,0.0,1.0
r,10035:10096:10109,`011,0,0.0,1.0
r,10035:10096:10109,`100,0,0.0,1.0
r,10035:10096:10109,`101,0,0.0,1.0
r,10035:10096:10109,`110,0,0.0,1.0
r,10035:10096:10109,`111,4,0.0,1.0
r,10035:10096:10111,`000,1055,0.0,1.0
r,10035:10096:10111,`001,0,0.0,1.0
r,10035:10096:10111,`010,0,0.0,1.0
r,10035:10096:10111,`011,0,0.0,1.0
r,10035:10096:10111,`100,0,0.0,1.0
r,10035:10096:10111,`101,0,0.0,1.0
r,10035:10096:10111,`110,0,0.0,1.0
r,10035:10096:10111,`111,4,0.0,1.0
r,10035:10096:10118,`000,955,0.0,1.0
r,10035:10096:10118,`001,0,0.0,1.0
r,10035:10096:10118,`010,0,0.0,1.0
r,10035:10096:10118,`011,0,0.0,1.0
r,10035:10096:10118,`100,0,0.0,1.0
r,10035:10096:10118,`101,0,0.0,1.0
r,10035:10096:10118,`110,0,0.0,1.0
r,10035:10096:10118,`111,2,0.0,1.0
r,10035:10096:10121,`000,907,0.0,1.0
r,10035:10096:10121,`001,0,0.0,1.0
r,10035:10096:10121,`010,0,0.0,1.0
r,10035:10096:10121,`011,0,0.0,1.0
r,10035:10096:10121,`100,0,0.0,1.0
r,10035:10096:10121,`101,0,0.0,1.0
r,10035:10096:10121,`110,0,0.0,1.0
r,10035:10096:10121,`111,2,0.0,1.0
r,10035:10096:10130,`000,797,0.0,1.0
r,10035:10096:10130,`001,0,0.0,1.0
r,10035:10096:10130,`010,0,0.0,1.0
r,10035:10096:10130,`011,0,0.0,1.0
r,10035:10096:10130,`100,0,0.0,1.0
r,10035:10096:10130,`101,0,0.0,1.0
r,10035:10096:10130,`110,0,0.0,1.0
r,10035:10096:10130,`111,0,0.0,1.0
r,10035:10096:10133,`000,764,0.0,1.0
r,10035:10096:10133,`001,32,0.0,1.0
r,10035:10096:10133,`010,0,0.0,1.0
r,10035:10096:10133,`011,0,0.0,1.0
r,10035:10096:10133,`100,0,0.0,1.0
r,10035:10096:10133,`101,0,0.0,1.0
r,10035:10096:10133,`110,0,0.0,1.0
r,10035:10096:10133,`111,0,0.0,1.0
r,10035:10096:10140,`000,620,0.0,1.0
r,10035:10096:10140,`001,0,0.0,1.0
r,10035:10096:10140,`010,0,0.0,1.0
r,10035:10096:10140,`011,0,0.0,1.0
r,10035:10096:10140,`100,0,0.0,1.0
r,10035:10096:10140,`101,0,0.0,1.0
r,10035:10096:10140,`110,0,0.0,1.0
r,10035:10096:10140,`111,0,0.0,1.0
r,10035:10096:10146,`000,450,0.0,1.0
r,10035:10096:10146,`001,0,0.0,1.0
r,10035:10096:10146,`010,0,0.0,1.0
r,10035:10096:10146,`011,0,0.0,1.0
r,10035:10096:10146,`100,0,0.0,1.0
r,10035:10096:10146,`101,0,0.0,1.0
r,10035:10096:10146,`110,0,0.0,1.0
r,10035:10096:10146,`111,0,0.0,1.0
r,10035:10096:10150,`000,450,0.0,1.0
r,10035:10096:10150,`001,0,0.0,1.0
r,10035:10096:10150,`010,0,0.0,1.0
r,10035:10096:10150,`011,0,0.0,1.0
r,10035:10096:10150,`100,0,0.0,1.0
r,10035:10096:10150,`101,0,0.0,1.0
r,10035:10096:10150,`110,0,0.0,1.0
r,10035:10096:10150,`111,0,0.0,1.0
r,10035:10096:10159,`000,364,0.0,1.0
r,10035:10096:10159,`001,0,0.0,1.0
r,10035:10096:10159,`010,0,0.0,1.0
r,10035:10096:10159,`011,0,0.0,1.0
r,10035:10096:10159,`100,0,0.0,1.0
r,10035:10096:10159,`101,0,0.0,1.0
r,10035:10096:10159,`110,0,0.0,1.0
r,10035:10096:10159,`111,0,0.0,1.0
r,10035:10096:10162,`000,332,0.0,1.0
r,10035:10096:10162,`001,0,0.0,1.0
r,10035:10096:10162,`010,0,0.0,1.0
r,10035:10096:10162,`011,0,0.0,1.0
r,10035:10096:10162,`100,0,0.0,1.0
r,10035:10096:10162,`101,0,0.0,1.0
r,10035:10096:10162,`110,0,0.0,1.0
r,10035:10096:10162,`111,0,0.0,1.0
r,10035:10096:10179,`000,94,0.0,1.0
r,10035:10096:10179,`001,0,0.0,1.0
r,10035:10096:10179,`010,0,0.0,1.0
r,10035:10096:10179,`011,0,0.0,1.0
r,10035:10096:10179,`100,0,0.0,1.0
r,10035:10096:10179,`101,0,0.0,1.0
r,10035:10096:10179,`110,0,0.0,1.0
r,10035:10096:10179,`111,0,0.0,1.0
r,10035:10102:10109,`000,1003,0.0,1.0
r,10035:10102:10109,`001,49,0.0,1.0
r,10035:10102:10109,`010,0,0.0,1.0
r,10035:10102:10109,`011,0,0.0,1.0
r,10035:10102:10109,`100,0,0.0,1.0
r,10035:10102:10109,`101,0,0.0,1.0
r,10035:10102:10109,`110,0,0.0,1.0
r,10035:10102:10109,`111,4,0.0,1.0
r,10035:10102:10111,`000,1053,0.0,1.0
r,10035:10102:10111,`001,0,0.0,1.0
r,10035:10102:10111,`010,0,0.0,1.0
r,10035:10102:10111,`011,0,0.0,1.0
r,10035:10102:10111,`100,0,0.0,1.0
r,10035:10102:10111,`101,0,0.0,1.0
r,10035:10102:10111,`110,0,0.0,1.0
r,10035:10102:10111,`111,4,0.0,1.0
r,10035:10102:10118,`000,953,0.0,1.0
r,10035:10102:10118,`001,0,0.0,1.0
r,10035:10102:10118,`010,0,0.0,1.0
r,10035:10102:10118,`011,0,0.0,1.0
r,10035:10102:10118,`100,0,0.0,1.0
r,10035:10102:10118,`101,0,0.0,1.0
r,10035:10102:10118,`110,0,0.0,1.0
r,10035:10102:10118,`111,2,0.0,1.0
r,10035:10102:10121,`000,905,0.0,1.0
r,10035:10102:10121,`001,0,0.0,1.0
r,10035:10102:10121,`010,0,0.0,1.0
r,10035:10102:10121,`011,0,0.0,1.0
r,10035:10102:10121,`100,0,0.0,1.0
r,10035:10102:10121,`101,0,0.0,1.0
r,10035:10102:10121,`110,0,0.0,1.0
r,10035:10102:10121,`111,2,0.0,1.0
r,10035:10102:10130,`000,795,0.0,1.0
r,10035:10102:10130,`001,0,0.0,1.0
r,10035:10102:10130,`010,0,0.0,1.0
r,10035:10102:10130,`011,0,0.0,1.0
r,10035:10102:10130,`100,0,0.0,1.0
r,10035:10102:10130,`101,0,0.0,1.0
r,10035:10102:10130,`110,0,0.0,1.0
r,10035:10102:10130,`111,0,0.0,1.0
r,10035:10102:10133,`000,762,0.0,1.0
r,10035:10102:10133,`001,32,0.0,1.0
r,10035:10102:10133,`010,0,0.0,1.0
r,10035:10102:10133,`011,0,0.0,1.0
r,10035:10102:10133,`100,0,0.0,1.0
r,10035:10102:10133,`101,0,0.0,1.0
r,10035:10102:10133,`110,0,0.0,1.0
r,10035:10102:10133,`111,0,0.0,1.0
r,10035:10102:10140,`000,619,0.0,1.0
r,10035:10102:10140,`001,0,0.0,1.0
r,10035:10102:10140,`010,0,0.0,1.0
r,10035:10102:10140,`011,0,0.0,1.0
r,10035:10102:10140,`100,0,0.0,1.0
r,10035:10102:10140,`101,0,0.0,1.0
r,10035:10102:10140,`110,0,0.0,1.0
r,10035:10102:10140,`111,0,0.0,1.0
r,10035:10102:10146,`000,450,0.0,1.0
r,10035:10102:10146,`001,0,0.0,1.0
r,10035:10102:10146,`010,0,0.0,1.0
r,10035:10102:10146,`011,0,0.0,1.0
r,10035:10102:10146,`100,0,0.0,1.0
r,10035:10102:10146,`101,0,0.0,1.0
r,10035:10102:10146,`110,0,0.0,1.0
r,10035:10102:10146,`111,0,0.0,1.0
r,10035:10102:10150,`000,450,0.0,1.0
r,10035:10102:10150,`001,0,0.0,1.0
r,10035:10102:10150,`010,0,0.0,1.0
r,10035:10102:10150,`011,0,0.0,1.0
r,10035:10102:10150,`100,0,0.0,1.0
r,10035:10102:10150,`101,0,0.0,1.0
r,10035:10102:10150,`110,0,0.0,1.0
r,10035:10102:10150,`111,0,0.0,1.0
r,10035:10102:10159,`000,364,0.0,1.0
r,10035:10102:10159,`001,0,0.0,1.0
r,10035:10102:10159,`010,0,0.0,1.0
r,10035:10102:10159,`011,0,0.0,1.0
r,10035:10102:10159,`100,0,0.0,1.0
r,10035:10102:10159,`101,0,0.0,1.0
r,10035:10102:10159,`110,0,0.0,1.0
r,10035:10102:10159,`111,0,0.0,1.0
r,10035:10102:10162,`000,332,0.0,1.0
r,10035:10102:10162,`001,0,0.0,1.0
r,10035:10102:10162,`010,0,0.0,1.0
r,10035:10102:10162,`011,0,0.0,1.0
r,10035:10102:10162,`100,0,0.0,1.0
r,10035:10102:10162,`101,0,0.0,1.0
r,10035:10102:10162,`110,0,0.0,1.0
r,10035:10102:10162,`111,0,0.0,1.0
r,10035:10102:10179,`000,94,0.0,1.0
r,10035:10102:10179,`001,0,0.0,1.0
r,10035:10102:10179,`010,0,0.0,1.0
r,10035:10102:10179,`011,0,0.0,1.0
r,10035:10102:10179,`100,0,0.0,1.0
r,10035:10102:10179,`101,0,0.0,1.0
r,10035:10102:10179,`110,0,0.0,1.0
r,10035:10102:10179,`111,0,0.0,1.0
r,10035:10109:10111,`000,1004,0.0,1.0
r,10035:10109:10111,`001,0,0.0,1.0
r,10035:10109:10111,`010,49,0.0,1.0
r,10035:10109:10111,`011,0,0.0,1.0
r,10035:10109:10111,`100,0,0.0,1.0
r,10035:10109:10111,`101,0,0.0,1.0
r,10035:10109:10111,`110,0,0.0,1.0
r,10035:10109:10111,`111,4,0.0,1.0
r,10035:10109:10118,`000,904,0.0,1.0
r,10035:10109:10118,`001,0,0.0,1.0
r,10035:10109:10118,`010,49,0.0,1.0
r,10035:10109:10118,`011,0,0.0,1.0
r,10035:10109:10118,`100,0,0.0,1.0
r,10035:10109:10118,`101,0,0.0,1.0
r,10035:10109:10118,`110,0,0.0,1.0
r,10035:10109:10118,`111,2,0.0,1.0
r,10035:10109:10121,`000,877,0.0,1.0
r,10035:10109:10121,`001,0,0.0,1.0
r,10035:10109:10121,`010,30,0.0,1.0
r,10035:10109:10121,`011,0,0.0,1.0
r,10035:10109:10121,`100,0,0.0,1.0
r,10035:10109:10121,`101,0,0.0,1.0
r,10035:10109:10121,`110,0,0.0,1.0
r,10035:10109:10121,`111,2,0.0,1.0
r,10035:10109:10130,`000,780,0.0,1.0
r,10035:10109:10130,`001,0,0.0,1.0
r,10035:10109:10130,`010,16,0.0,1.0
r,10035:10109:10130,`011,0,0.0,1.0
r,10035:10109:10130,`100,0,0.0,1.0
r,10035:10109:10130,`101,0,0.0,1.0
r,10035:10109:10130,`110,0,0.0,1.0
r,10035:10109:10130,`111,0,0.0,1.0
r,10035:10109:10133,`000,747,0.0,1.0
r,10035:10109:10133,`001,32,0.0,1.0
r,10035:10109:10133,`010,16,0.0,1.0
r,10035:10109:10133,`011,0,0.0,1.0
r,10035:10109:10133,`100,0,0.0,1.0
r,10035:10109:10133,`101,0,0.0,1.0
r,10035:10109:10133,`110,0,0.0,1.0
r,10035:10109:10133,`111,0,0.0,1.0
r,10035:10109:10140,`000,612,0.0,1.0
r,10035:10109:10140,`001,0,0.0,1.0
r,10035:10109:10140,`010,8,0.0,1.0
r,10035:10109:10140,`011,0,0.0,1.0
r,10035:10109:10140,`100,0,0.0,1.0
r,10035:10109:10140,`101,0,0.0,1.0
r,10035:10109:10140,`110,0,0.0,1.0
r,10035:10109:10140,`111,0,0.0,1.0
r,10035:10109:10146,`000,450,0.0,1.0
r,10035:10109:10146,`001,0,0.0,1.0
r,10035:10109:10146,`010,0,0.0,1.0
r,10035:10109:10146,`011,0,0.0,1.0
r,10035:10109:10146,`100,0,0.0,1.0
r,10035:10109:10146,`101,0,0.0,1.0
r,10035:10109:10146,`110,0,0.0,1.0
r,10035:10109:10146,`111,0,0.0,1.0
r,10035:10109:10150,`000,450,0.0,1.0
r,10035:10109:10150,`001,0,0.0,1.0
r,10035:10109:10150,`010,0,0.0,1.0
r,10035:10109:10150,`011,0,0.0,1.0
r,10035:10109:10150,`100,0,0.0,1.0
r,10035:10109:10150,`101,0,0.0,1.0
r,10035:10109:10150,`110,0,0.0,1.0
r,10035:10109:10150,`111,0,0.0,1.0
r,10035:10109:10159,`000,364,0.0,1.0
r,10035:10109:10159,`001,0,0.0,1.0
r,10035:10109:10159,`010,0,0.0,1.0
r,10035:10109:10159,`011,0,0.0,1.0
r,10035:10109:10159,`100,0,0.0,1.0
r,10035:10109:10159,`101,0,0.0,1.0
r,10035:10109:10159,`110,0,0.0,1.0
r,10035:10109:10159,`111,0,0.0,1.0
r,10035:10109:10162,`000,332,0.0,1.0
r,10035:10109:10162,`001,0,0.0,1.0
r,10035:10109:10162,`010,0,0.0,1.0
r,10035:10109:10162,`011,0,0.0,1.0
r,10035:10109:10162,`100,0,0.0,1.0
r,10035:10109:10162,`101,0,0.0,1.0
r,10035:10109:10162,`110,0,0.0,1.0
r,10035:10109:10162,`111,0,0.0,1.0
r,10035:10109:10179,`000,94,0.0,1.0
r,10035:10109:10179,`001,0,0.0,1.0
r,10035:10109:10179,`010,0,0.0,1.0
r,10035:10109:10179,`011,0,0.0,1.0
r,10035:10109:10179,`100,0,0.0,1.0
r,10035:10109:10179,`101,0,0.0,1.0
r,10035:10109:10179,`110,0,0.0,1.0
r,10035:10109:10179,`111,0,0.0,1.0
r,10035:10111:10118,`000,955,0.0,1.0
r,10035:10111:10118,`001,0,0.0,1.0
r,10035:10111:10118,`010,0,0.0,1.0
r,10035:10111:10118,`011,0,0.0,1.0
r,10035:10111:10118,`100,0,0.0,1.0
r,10035:10111:10118,`101,0,0.0,1.0
r,10035:10111:10118,`110,0,0.0,1.0
r,10035:10111:10118,`111,2,0.0,1.0
r,10035:10111:10121,`000,907,0.0,1.0
r,10035:10111:10121,`001,0,0.0,1.0
r,10035:10111:10121,`010,0,0.0,1.0
r,10035:10111:10121,`011,0,0.0,1.0
r,10035:10111:10121,`100,0,0.0,1.0
r,10035:10111:10121,`101,0,0.0,1.0
r,10035:10111:10121,`110,0,0.0,1.0
r,10035:10111:10121,`111,2,0.0,1.0
r,10035:10111:10130,`000,797,0.0,1.0
r,10035:10111:10130,`001,0,0.0,1.0
r,10035:10111:10130,`010,0,0.0,1.0
r,10035:10111:10130,`011,0,0.0,1.0
r,10035:10111:10130,`100,0,0.0,1.0
r,10035:10111:10130,`101,0,0.0,1.0
r,10035:10111:10130,`110,0,0.0,1.0
r,10035:10111:10130,`111,0,0.0,1.0
r,10035:10111:10133,`000,764,0.0,1.0
r,10035:10111:10133,`001,32,0.0,1.0
r,10035:10111:10133,`010,0,0.0,1.0
r,10035:10111:10133,`011,0,0.0,1.0
r,10035:10111:10133,`100,0,0.0,1.0
r,10035:10111:10133,`101,0,0.0,1.0
r,10035:10111:10133,`110,0,0.0,1.0
r,10035:10111:10133,`111,0,0.0,1.0
r,10035:10111:10140,`000,620,0.0,1.0
r,10035:10111:10140,`001,0,0.0,1.0
r,10035:10111:10140,`010,0,0.0,1.0
r,10035:10111:10140,`011,0,0.0,1.0
r,10035:10111:10140,`100,0,0.0,1.0
r,10035:10111:10140,`101,0,0.0,1.0
r,10035:10111:10140,`110,0,0.0,1.0
r,10035:10111:10140,`111,0,0.0,1.0
r,10035:10111:10146,`000,450,0.0,1.0
r,10035:10111:10146,`001,0,0.0,1.0
r,10035:10111:10146,`010,0,0.0,1.0
r,10035:10111:10146,`011,0,0.0,1.0
r,10035:10111:10146,`100,0,0.0,1.0
r,10035:10111:10146,`101,0,0.0,1.0
r,10035:10111:10146,`110,0,0.0,1.0
r,10035:10111:10146,`111,0,0.0,1.0
r,10035:10111:10150,`000,450,0.0,1.0
r,10035:10111:10150,`001,0,0.0,1.0
r,10035:10111:10150,`010,0,0.0,1.0
r,10035:10111:10150,`011,0,0.0,1.0
r,10035:10111:10150,`100,0,0.0,1.0
r,10035:10111:10150,`101,0,0.0,1.0
r,10035:10111:10150,`110,0,0.0,1.0
r,10035:10111:10150,`111,0,0.0,1.0
r,10035:10111:10159,`000,364,0.0,1.0
r,10035:10111:10159,`001,0,0.0,1.0
r,10035:10111:10159,`010,0,0.0,1.0
r,10035:10111:10159,`011,0,0.0,1.0
r,10035:10111:10159,`100,0,0.0,1.0
r,10035:10111:10159,`101,0,0.0,1.0
r,10035:10111:10159,`110,0,0.0,1.0
r,10035:10111:10159,`111,0,0.0,1.0
r,10035:10111:10162,`000,332,0.0,1.0
r,10035:10111:10162,`001,0,0.0,1.0
r,10035:10111:10162,`010,0,0.0,1.0
r,10035:10111:10162,`011,0,0.0,1.0
r,10035:10111:10162,`100,0,0.0,1.0
r,10035:10111:10162,`101,0,0.0,1.0
r,10035:10111:10162,`110,0,0.0,1.0
r,10035:10111:10162,`111,0,0.0,1.0
r,10035:10111:10179,`000,94,0.0,1.0
r,10035:10111:10179,`001,0,0.0,1.0
r,10035:10111:10179,`010,0,0.0,1.0
r,10035:10111:10179,`011,0,0.0,1.0
r,10035:10111:10179,`100,0,0.0,1.0
r,10035:10111:10179,`101,0,0.0,1.0
r,10035:10111:10179,`110,0,0.0,1.0
r,10035:10111:10179,`111,0,0.0,1.0
r,10035:10118:10121,`000,906,0.0,1.0
r,10035:10118:10121,`001,0,0.0,1.0
r,10035:10118:10121,`010,0,0.0,1.0
r,10035:10118:10121,`011,0,0.0,1.0
r,10035:10118:10121,`100,0,0.0,1.0
r,10035:10118:10121,`101,0,0.0,1.0
r,10035:10118:10121,`110,0,0.0,1.0
r,10035:10118:10121,`111,2,0.0,1.0
r,10035:10118:10130,`000,796,0.0,1.0
r,10035:10118:10130,`001,0,0.0,1.0
r,10035:10118:10130,`010,0,0.0,1.0
r,10035:10118:10130,`011,0,0.0,1.0
r,10035:10118:10130,`100,0,0.0,1.0
r,10035:10118:10130,`101,0,0.0,1.0
r,10035:10118:10130,`110,0,0.0,1.0
r,10035:10118:10130,`111,0,0.0,1.0
r,10035:10118:10133,`000,763,0.0,1.0
r,10035:10118:10133,`001,32,0.0,1.0
r,10035:10118:10133,`010,0,0.0,1.0
r,10035:10118:10133,`011,0,0.0,1.0
r,10035:10118:10133,`100,0,0.0,1.0
r,10035:10118:10133,`101,0,0.0,1.0
r,10035:10118:10133,`110,0,0.0,1.0
r,10035:10118:10133,`111,0,0.0,1.0
r,10035:10118:10140,`000,620,0.0,1.0
r,10035:10118:10140,`001,0,0.0,1.0
r,10035:10118:10140,`010,0,0.0,1.0
r,10035:10118:10140,`011,0,0.0,1.0
r,10035:10118:10140,`100,0,0.0,1.0
r,10035:10118:10140,`101,0,0.0,1.0
r,10035:10118:10140,`110,0,0.0,1.0
r,10035:10118:10140,`111,0,0.0,1.0
r,10035:10118:10146,`000,450,0.0,1.0
r,10035:10118:10146,`001,0,0.0,1.0
r,10035:10118:10146,`010,0,0.0,1.0
r,10035:10118:10146,`011,0,0.0,1.0
r,10035:10118:10146,`100,0,0.0,1.0
r,10035:10118:10146,`101,0,0.0,1.0
r,10035:10118:10146,`110,0,0.0,1.0
r,10035:10118:10146,`111,0,0.0,1.0
r,10035:10118:10150,`000,450,0.0,1.0
r,10035:10118:10150,`001,0,0.0,1.0
r,10035:10118:10150,`010,0,0.0,1.0
r,10035:10118:10150,`011,0,0.0,1.0
r,10035:10118:10150,`100,0,0.0,1.0
r,10035:10118:10150,`101,0,0.0,1.0
r,10035:10118:10150,`110,0,0.0,1.0
r,10035:10118:10150,`111,0,0.0,1.0
r,10035:10118:10159,`000,364,0.0,1.0
r,10035:10118:10159,`001,0,0.0,1.0
r,10035:10118:10159,`010,0,0.0,1.0
r,10035:10118:10159,`011,0,0.0,1.0
r,10035:10118:10159,`100,0,0.0,1.0
r,10035:10118:10159,`101,0,0.0,1.0
r,10035:10118:10159,`110,0,0.0,1.0
r,10035:10118:10159,`111,0,0.0,1.0
r,10035:10118:10162,`000,332,0.0,1.0
r,10035:10118:10162,`001,0,0.0,1.0
r,10035:10118:10162,`010,0,0.0,1.0
r,10035:10118:10162,`011,0,0.0,1.0
r,10035:10118:10162,`100,0,0.0,1.0
r,10035:10118:10162,`101,0,0.0,1.0
r,10035:10118:10162,`110,0,0.0,1.0
r,10035:10118:10162,`111,0,0.0,1.0
r,10035:10118:10179,`000,94,0.0,1.0
r,10035:10118:10179,`001,0,0.0,1.0
r,10035:10118:10179,`010,0,0.0,1.0
r,10035:10118:10179,`011,0,0.0,1.0
r,10035:10118:10179,`100,0,0.0,1.0
r,10035:10118:10179,`101,0,0.0,1.0
r,10035:10118:10179,`110,0,0.0,1.0
r,10035:10118:10179,`111,0,0.0,1.0
r,10035:10121:10130,`000,794,0.0,1.0
r,10035:10121:10130,`001,0,0.0,1.0
r,10035:10121:10130,`010,0,0.0,1.0
r,10035:10121:10130,`011,0,0.0,1.0
r,10035:10121:10130,`100,0,0.0,1.0
r,10035:10121:10130,`101,0,0.0,1.0
r,10035:10121:10130,`110,0,0.0,1.0
r,10035:10121:10130,`111,0,0.0,1.0
r,10035:10121:10133,`000,761,0.0,1.0
r,10035:10121:10133,`001,32,0.0,1.0
r,10035:10121:10133,`010,0,0.0,1.0
r,10035:10121:10133,`011,0,0.0,1.0
r,10035:10121:10133,`100,0,0.0,1.0
r,10035:10121:10133,`101,0,0.0,1.0
r,10035:10121:10133,`110,0,0.0,1.0
r,10035:10121:10133,`111,0,0.0,1.0
r,10035:10121:10140,`000,619,0.0,1.0
r,10035:10121:10140,`001,0,0.0,1.0
r,10035:10121:10140,`010,0,0.0,1.0
r,10035:10121:10140,`011,0,0.0,1.0
r,10035:10121:10140,`100,0,0.0,1.0
r,10035:10121:10140,`101,0,0.0,1.0
r,10035:10121:10140,`110,0,0.0,1.0
r,10035:10121:10140,`111,0,0.0,1.0
r,10035:10121:10146,`000,450,0.0,1.0
r,10035:10121:10146,`001,0,0.0,1.0
r,10035:10121:10146,`010,0,0.0,1.0
r,10035:10121:10146,`011,0,0.0,1.0
r,10035:10121:10146,`100,0,0.0,1.0
r,10035:10121:10146,`101,0,0.0,1.0
r,10035:10121:10146,`110,0,0.0,1.0
r,10035:10121:10146,`111,0,0.0,1.0
r,10035:10121:10150,`000,450,0.0,1.0
r,10035:10121:10150,`001,0,0.0,1.0
r,10035:10121:10150,`010,0,0.0,1.0
r,10035:10121:10150,`011,0,0.0,1.0
r,10035:10121:10150,`100,0,0.0,1.0
r,10035:10121:10150,`101,0,0.0,1.0
r,10035:10121:10150,`110,0,0.0,1.0
r,10035:10121:10150,`111,0,0.0,1.0
r,10035:10121:10159,`000,364,0.0,1.0
r,10035:10121:10159,`001,0,0.0,1.0
r,10035:10121:10159,`010,0,0.0,1.0
r,10035:10121:10159,`011,0,0.0,1.0
r,10035:10121:10159,`100,0,0.0,1.0
r,10035:10121:10159,`101,0,0.0,1.0
r,10035:10121:10159,`110,0,0.0,1.0
r,10035:10121:10159,`111,0,0.0,1.0
r,10035:10121:10162,`000,332,0.0,1.0
r,10035:10121:10162,`001,0,0.0,1.0
r,10035:10121:10162,`010,0,0.0,1.0
r,10035:10121:10162,`011,0,0.0,1.0
r,10035:10121:10162,`100,0,0.0,1.0
r,10035:10121:10162,`101,0,0.0,1.0
r,10035:10121:10162,`110,0,0.0,1.0
r,10035:10121:10162,`111,0,0.0,1.0
r,10035:10121:10179,`000,94,0.0,1.0
r,10035:10121:10179,`001,0,0.0,1.0
r,10035:10121:10179,`010,0,0.0,1.0
r,10035:10121:10179,`011,0,0.0,1.0
r,10035:10121:10179,`100,0,0.0,1.0
r,10035:10121:10179,`101,0,0.0,1.0
r,10035:10121:10179,`110,0,0.0,1.0
r,10035:10121:10179,`111,0,0.0,1.0
r,10035:10130:10133,`000,763,0.0,1.0
r,10035:10130:10133,`001,32,0.0,1.0
r,10035:10130:10133,`010,0,0.0,1.0
r,10035:10130:10133,`011,0,0.0,1.0
r,10035:10130:10133,`100,0,0.0,1.0
r,10035:10130:10133,`101,0,0.0,1.0
r,10035:10130:10133,`110,0,0.0,1.0
r,10035:10130:10133,`111,0,0.0,1.0
r,10035:10130:10140,`000,620,0.0,1.0
r,10035:10130:10140,`001,0,0.0,1.0
r,10035:10130:10140,`010,0,0.0,1.0
r,10035:10130:10140,`011,0,0.0,1.0
r,10035:10130:10140,`100,0,0.0,1.0
r,10035:10130:10140,`101,0,0.0,1.0
r,10035:10130:10140,`110,0,0.0,1.0
r,10035:10130:10140,`111,0,0.0,1.0
r,10035:10130:10146,`000,450,0.0,1.0
r,10035:10130:10146,`001,0,0.0,1.0
r,10035:10130:10146,`010,0,0.0,1.0
r,10035:10130:10146,`011,0,0.0,1.0
r,10035:10130:10146,`100,0,0.0,1.0
r,10035:10130:10146,`101,0,0.0,1.0
r,10035:10130:10146,`110,0,0.0,1.0
r,10035:10130:10146,`111,0,0.0,1.0
r,10035:10130:10150,`000,450,0.0,1.0
r,10035:10130:10150,`001,0,0.0,1.0
r,10035:10130:10150,`010,0,0.0,1.0
r,10035:10130:10150,`011,0,0.0,1.0
r,10035:10130:10150,`100,0,0.0,1.0
r,10035:10130:10150,`101,0,0.0,1.0
r,10035:10130:10150,`110,0,0.0,1.0
r,10035:10130:10150,`111,0,0.0,1.0
r,10035:10130:10159,`000,364,0.0,1.0
r,10035:10130:10159,`001,0,0.0,1.0
r,10035:10130:10159,`010,0,0.0,1.0
r,10035:10130:10159,`011,0,0.0,1.0
r,10035:10130:10159,`100,0,0.0,1.0
r,10035:10130:10159,`101,0,0.0,1.0
r,10035:10130:10159,`110,0,0.0,1.0
r,10035:10130:10159,`111,0,0.0,1.0
r,10035:10130:10162,`000,332,0.0,1.0
r,10035:10130:10162,`001,0,0.0,1.0
r,10035:10130:10162,`010,0,0.0,1.0
r,10035:10130:10162,`011,0,0.0,1.0
r,10035:10130:10162,`100,0,0.0,1.0
r,10035:10130:10162,`101,0,0.0,1.0
r,10035:10130:10162,`110,0,0.0,1.0
r,10035:10130:10162,`111,0,0.0,1.0
r,10035:10130:10179,`000,94,0.0,1.0
r,10035:10130:10179,`001,0,0.0,1.0
r,10035:10130:10179,`010,0,0.0,1.0
r,10035:10130:10179,`011,0,0.0,1.0
r,10035:10130:10179,`100,0,0.0,1.0
r,10035:10130:10179,`101,0,0.0,1.0
r,10035:10130:10179,`110,0,0.0,1.0
r,10035:10130:10179,`111,0,0.0,1.0
r,10035:10133:10140,`000,586,0.0,1.0
r,10035:10133:10140,`001,0,0.0,1.0
r,10035:10133:10140,`010,32,0.0,1.0
r,10035:10133:10140,`011,0,0.0,1.0
r,10035:10133:10140,`100,0,0.0,1.0
r,10035:10133:10140,`101,0,0.0,1.0
r,10035:10133:10140,`110,0,0.0,1.0
r,10035:10133:10140,`111,0,0.0,1.0
r,10035:10133:10146,`000,417,0.0,1.0
r,10035:10133:10146,`001,0,0.0,1.0
r,10035:10133:10146,`010,32,0.0,1.0
r,10035:10133:10146,`011,0,0.0,1.0
r,10035:10133:10146,`100,0,0.0,1.0
r,10035:10133:10146,`101,0,0.0,1.0
r,10035:10133:10146,`110,0,0.0,1.0
r,10035:10133:10146,`111,0,0.0,1.0
r,10035:10133:10150,`000,417,0.0,1.0
r,10035:10133:10150,`001,0,0.0,1.0
r,10035:10133:10150,`010,32,0.0,1.0
r,10035:10133:10150,`011,0,0.0,1.0
r,10035:10133:10150,`100,0,0.0,1.0
r,10035:10133:10150,`101,0,0.0,1.0
r,10035:10133:10150,`110,0,0.0,1.0
r,10035:10133:10150,`111,0,0.0,1.0
r,10035:10133:10159,`000,331,0.0,1.0
r,10035:10133:10159,`001,0,0.0,1.0
r,10035:10133:10159,`010,32,0.0,1.0
r,10035:10133:10159,`011,0,0.0,1.0
r,10035:10133:10159,`100,0,0.0,1.0
r,10035:10133:10159,`101,0,0.0,1.0
r,10035:10133:10159,`110,0,0.0,1.0
r,10035:10133:10159,`111,0,0.0,1.0
r,10035:10133:10162,`000,299,0.0,1.0
r,10035:10133:10162,`001,0,0.0,1.0
r,10035:10133:10162,`010,32,0.0,1.0
r,10035:10133:10162,`011,0,0.0,1.0
r,10035:10133:10162,`100,0,0.0,1.0
r,10035:10133:10162,`101,0,0.0,1.0
r,10035:10133:10162,`110,0,0.0,1.0
r,10035:10133:10162,`111,0,0.0,1.0
r,10035:10133:10179,`000,61,0.0,1.0
r,10035:10133:10179,`001,0,0.0,1.0
r,10035:10133:10179,`010,32,0.0,1.0
r,10035:10133:10179,`011,0,0.0,1.0
r,10035:10133:10179,`100,0,0.0,1.0
r,10035:10133:10179,`101,0,0.0,1.0
r,10035:10133:10179,`110,0,0.0,1.0
r,10035:10133:10179,`111,0,0.0,1.0
r,10035:10140:10146,`000,449,0.0,1.0
r,10035:10140:10146,`001,0,0.0,1.0
r,10035:10140:10146,`010,0,0.0,1.0
r,10035:10140:10146,`011,0,0.0,1.0
r,10035:10140:10146,`100,0,0.0,1.0
r,10035:10140:10146,`101,0,0.0,1.0
r,10035:10140:10146,`110,0,0.0,1.0
r,10035:10140:10146,`111,0,0.0,1.0
r,10035:10140:10150,`000,449,0.0,1.0
r,10035:10140:10150,`001,0,0.0,1.0
r,10035:10140:10150,`010,0,0.0,1.0
r,10035:10140:10150,`011,0,0.0,1.0
r,10035:10140:10150,`100,0,0.0,1.0
r,10035:10140:10150,`101,0,0.0,1.0
r,10035:10140:10150,`110,0,0.0,1.0
r,10035:10140:10150,`111,0,0.0,1.0
r,10035:10140:10159,`000,363,0.0,1.0
r,10035:10140:10159,`001,0,0.0,1.0
r,10035:10140:10159,`010,0,0.0,1.0
r,10035:10140:10159,`011,0,0.0,1.0
r,10035:10140:10159,`100,0,0.0,1.0
r,10035:10140:10159,`101,0,0.0,1.0
r,10035:10140:10159,`110,0,0.0,1.0
r,10035:10140:10159,`111,0,0.0,1.0
r,10035:10140:10162,`000,331,0.0,1.0
r,10035:10140:10162,`001,0,0.0,1.0
r,10035:10140:10162,`010,0,0.0,1.0
r,10035:10140:10162,`011,0,0.0,1.0
r,10035:10140:10162,`100,0,0.0,1.0
r,10035:10140:10162,`101,0,0.0,1.0
r,10035:10140:10162,`110,0,0.0,1.0
r,10035:10140:10162,`111,0,0.0,1.0
r,10035:10140:10179,`000,94,0.0,1.0
r,10035:10140:10179,`001,0,0.0,1.0
r,10035:10140:10179,`010,0,0.0,1.0
r,10035:10140:10179,`011,0,0.0,1.0
r,10035:10140:10179,`100,0,0.0,1.0
r,10035:10140:10179,`101,0,0.0,1.0
r,10035:10140:10179,`110,0,0.0,1.0
r,10035:10140:10179,`111,0,0.0,1.0
r,10035:10146:10150,`000,450,0.0,1.0
r,10035:10146:10150,`001,0,0.0,1.0
r,10035:10146:10150,`010,0,0.0,1.0
r,10035:10146:10150,`011,0,0.0,1.0
r,10035:10146:10150,`100,0,0.0,1.0
r,10035:10146:10150,`101,0,0.0,1.0
r,10035:10146:10150,`110,0,0.0,1.0
r,10035:10146:10150,`111,0,0.0,1.0
r,10035:10146:10159,`000,364,0.0,1.0
r,10035:10146:10159,`001,0,0.0,1.0
r,10035:10146:10159,`010,0,0.0,1.0
r,10035:10146:10159,`011,0,0.0,1.0
r,10035:10146:10159,`100,0,0.0,1.0
r,10035:10146:10159,`101,0,0.0,1.0
r,10035:10146:10159,`110,0,0.0,1.0
r,10035:10146:10159,`111,0,0.0,1.0
r,10035:10146:10162,`000,332,0.0,1.0
r,10035:10146:10162,`001,0,0.0,1.0
r,10035:10146:10162,`010,0,0.0,1.0
r,10035:10146:10162,`011,0,0.0,1.0
r,10035:10146:10162,`100,0,0.0,1.0
r,10035:10146:10162,`101,0,0.0,1.0
r,10035:10146:10162,`110,0,0.0,1.0
r,10035:10146:10162,`111,0,0.0,1.0
r,10035:10146:10179,`000,94,0.0,1.0
r,10035:10146:10179,`001,0,0.0,1.0
r,10035:10146:10179,`010,0,0.0,1.0
r,10035:10146:10179,`011,0,0.0,1.0
r,10035:10146:10179,`100,0,0.0,1.0
r,10035:10146:10179,`101,0,0.0,1.0
r,10035:10146:10179,`110,0,0.0,1.0
r,10035:10146:10179,`111,0,0.0,1.0
r,10035:10150:10159,`000,364,0.0,1.0
r,10035:10150:10159,`001,0,0.0,1.0
r,10035:10150:10159,`010,0,0.0,1.0
r,10035:10150:10159,`011,0,0.0,1.0
r,10035:10150:10159,`100,0,0.0,1.0
r,10035:10150:10159,`101,0,0.0,1.0
r,10035:10150:10159,`110,0,0.0,1.0
r,10035:10150:10159,`111,0,0.0,1.0
r,10035:10150:10162,`000,332,0.0,1.0
r,10035:10150:10162,`001,0,0.0,1.0
r,10035:10150:10162,`010,0,0.0,1.0
r,10035:10150:10162,`011,0,0.0,1.0
r,10035:10150:10162,`100,0,0.0,1.0
r,10035:10150:10162,`101,0,0.0,1.0
r,10035:10150:10162,`110,0,0.0,1.0
r,10035:10150:10162,`111,0,0.0,1.0
r,10035:10150:10179,`000,94,0.0,1.0
r,10035:10150:10179,`001,0,0.0,1.0
r,10035:10150:10179,`010,0,0.0,1.0
r,10035:10150:10179,`011,0,0.0,1.0
r,10035:10150:10179,`100,0,0.0,1.0
r,10035:10150:10179,`101,0,0.0,1.0
r,10035:10150:10179,`110,0,0.0,1.0
r,10035:10150:10179,`111,0,0.0,1.0
r,10035:10159:10162,`000,329,0.0,1.0
r,10035:10159:10162,`001,0,0.0,1.0
r,10035:10159:10162,`010,0,0.0,1.0
r,10035:10159:10162,`011,0,0.0,1.0
r,10035:10159:10162,`100,0,0.0,1.0
r,10035:10159:10162,`101,0,0.0,1.0
r,10035:10159:10162,`110,0,0.0,1.0
r,10035:10159:10162,`111,0,0.0,1.0
r,10035:10159:10179,`000,93,0.0,1.0
r,10035:10159:10179,`001,0,0.0,1.0
r,10035:10159:10179,`010,0,0.0,1.0
r,10035:10159:10179,`011,0,0.0,1.0
r,10035:10159:10179,`100,0,0.0,1.0
r,10035:10159:10179,`101,0,0.0,1.0
r,10035:10159:10179,`110,0,0.0,1.0
r,10035:10159:10179,`111,0,0.0,1.0
r,10035:10162:10179,`000,94,0.0,1.0
r,10035:10162:10179,`001,0,0.0,1.0
r,10035:10162:10179,`010,0,0.0,1.0
r,10035:10162:10179,`011,0,0.0,1.0
r,10035:10162:10179,`100,0,0.0,1.0
r,10035:10162:10179,`101,0,0.0,1.0
r,10035:10162:10179,`110,0,0.0,1.0
r,10035:10162:10179,`111,0,0.0,1.0
r,10044:10046:10053,`000,1090,0.0,1.0
r,10044:10046:10053,`001,0,0.0,1.0
r,10044:10046:10053,`010,9,0.0,1.0
r,10044:10046:10053,`011,0,0.0,1.0
r,10044:10046:10053,`100,17,0.0,1.0
r,10044:10046:10053,`101,0,0.0,1.0
r,10044:10046:10053,`110,0,0.0,1.0
r,10044:10046:10053,`111,4,0.0,1.0
r,10044:10046:10058,`000,1070,0.0,1.0
r,10044:10046:10058,`001,20,0.0,1.0
r,10044:10046:10058,`010,9,0.0,1.0
r,10044:10046:10058,`011,0,0.0,1.0
r,10044:10046:10058,`100,17,0.0,1.0
r,10044:10046:10058,`101,0,0.0,1.0
r,10044:10046:10058,`110,0,0.0,1.0
r,10044:10046:10058,`111,4,0.0,1.0
r,10044:10046:10071,`000,1076,0.0,1.0
r,10044:10046:10071,`001,14,0.0,1.0
r,10044:10046:10071,`010,9,0.0,1.0
r,10044:10046:10071,`011,0,0.0,1.0
r,10044:10046:10071,`100,17,0.0,1.0
r,10044:10046:10071,`101,0,0.0,1.0
r,10044:10046:10071,`110,0,0.0,1.0
r,10044:10046:10071,`111,4,0.0,1.0
r,10044:10046:10075,`000,1090,0.0,1.0
r,10044:10046:10075,`001,0,0.0,1.0
r,10044:10046:10075,`010,9,0.0,1.0
r,10044:10046:10075,`011,0,0.0,1.0
r,10044:10046:10075,`100,17,0.0,1.0
r,10044:10046:10075,`101,0,0.0,1.0
r,10044:10046:10075,`110,0,0.0,1.0
r,10044:10046:10075,`111,4,0.0,1.0
r,10044:10046:10081,`000,1090,0.0,1.0
r,10044:10046:10081,`001,0,0.0,1.0
r,10044:10046:10081,`010,9,0.0,1.0
r,10044:10046:10081,`011,0,0.0,1.0
r,10044:10046:10081,`100,17,0.0,1.0
r,10044:10046:10081,`101,0,0.0,1.0
r,10044:10046:10081,`110,0,0.0,1.0
r,10044:10046:10081,`111,4,0.0,1.0
r,10044:10046:10088,`000,1060,0.0,1.0
r,10044:10046:10088,`001,0,0.0,1.0
r,10044:10046:10088,`010,0,0.0,1.0
r,10044:10046:10088,`011,9,0.0,1.0
r,10044:10046:10088,`100,17,0.0,1.0
r,10044:10046:10088,`101,0,0.0,1.0
r,10044:10046:10088,`110,0,0.0,1.0
r,10044:10046:10088,`111,4,0.0,1.0
r,10044:10046:10096,`000,1060,0.0,1.0
r,10044:10046:10096,`001,0,0.0,1.0
r,10044:10046:10096,`010,9,0.0,1.0
r,10044:10046:10096,`011,0,0.0,1.0
r,10044:10046:10096,`100,17,0.0,1.0
r,10044:10046:10096,`101,0,0.0,1.0
r,10044:10046:10096,`110,0,0.0,1.0
r,10044:10046:10096,`111,4,0.0,1.0
r,10044:10046:10102,`000,1058,0.0,1.0
r,10044:10046:10102,`001,0,0.0,1.0
r,10044:10046:10102,`010,9,0.0,1.0
r,10044:10046:10102,`011,0,0.0,1.0
r,10044:10046:10102,`100,17,0.0,1.0
r,10044:10046:10102,`101,0,0.0,1.0
r,10044:10046:10102,`110,0,0.0,1.0
r,10044:10046:10102,`111,4,0.0,1.0
r,10044:10046:10109,`000,1009,0.0,1.0
r,10044:10046:10109,`001,49,0.0,1.0
r,10044:10046:10109,`010,9,0.0,1.0
r,10044:10046:10109,`011,0,0.0,1.0
r,10044:10046:10109,`100,17,0.0,1.0
r,10044:10046:10109,`101,0,0.0,1.0
r,10044:10046:10109,`110,0,0.0,1.0
r,10044:10046:10109,`111,4,0.0,1.0
r,10044:10046:10111,`000,1059,0.0,1.0
r,10044:10046:10111,`001,0,0.0,1.0
r,10044:10046:10111,`010,9,0.0,1.0
r,10044:10046:10111,`011,0,0.0,1.0
r,10044:10046:10111,`100,17,0.0,1.0
r,10044:10046:10111,`101,0,0.0,1.0
r,10044:10046:10111,`110,0,0.0,1.0
r,10044:10046:10111,`111,4,0.0,1.0
r,10044:10046:10118,`000,959,0.0,1.0
r,10044:10046:10118,`001,0,0.0,1.0
r,10044:10046:10118,`010,9,0.0,1.0
r,10044:10046:10118,`011,0,0.0,1.0
r,10044:10046:10118,`100,17,0.0,1.0
r,10044:10046:10118,`101,0,0.0,1.0
r,10044:10046:10118,`110,0,0.0,1.0
r,10044:10046:10118,`111,2,0.0,1.0
r,10044:10046:10121,`000,911,0.0,1.0
r,10044:10046:10121,`001,0,0.0,1.0
r,10044:10046:10121,`010,9,0.0,1.0
r,10044:10046:10121,`011,0,0.0,1.0
r,10044:10046:10121,`100,17,0.0,1.0
r,10044:10046:10121,`101,0,0.0,1.0
r,10044:10046:10121,`110,0,0.0,1.0
r,10044:10046:10121,`111,2,0.0,1.0
r,10044:10046:10130,`000,800,0.0,1.0
r,10044:10046:10130,`001,0,0.0,1.0
r,10044:10046:10130,`010,9,0.0,1.0
r,10044:10046:10130,`011,0,0.0,1.0
r,10044:10046:10130,`100,0,0.0,1.0
r,10044:10046:10130,`101,0,0.0,1.0
r,10044:10046:10130,`110,0,0.0,1.0
r,10044:10046:10130,`111,0,0.0,1.0
r,10044:10046:10133,`000,768,0.0,1.0
r,10044:10046:10133,`001,32,0.0,1.0
r,10044:10046:10133,`010,9,0.0,1.0
r,10044:10046:10133,`011,0,0.0,1.0
r,10044:10046:10133,`100,0,0.0,1.0
r,10044:10046:10133,`101,0,0.0,1.0
r,10044:10046:10133,`110,0,0.0,1.0
r,10044:10046:10133,`111,0,0.0,1.0
r,10044:10046:10140,`000,625,0.0,1.0
r,10044:10046:10140,`001,0,0.0,1.0
r,10044:10046:10140,`010,9,0.0,1.0
r,10044:10046:10140,`011,0,0.0,1.0
r,10044:10046:10140,`100,0,0.0,1.0
r,10044:10046:10140,`101,0,0.0,1.0
r,10044:10046:10140,`110,0,0.0,1.0
r,10044:10046:10140,`111,0,0.0,1.0
r,10044:10046:10146,`000,455,0.0,1.0
r,10044:10046:10146,`001,0,0.0,1.0
r,10044:10046:10146,`010,9,0.0,1.0
r,10044:10046:10146,`011,0,0.0,1.0
r,10044:10046:10146,`100,0,0.0,1.0
r,10044:10046:10146,`101,0,0.0,1.0
r,10044:10046:10146,`110,0,0.0,1.0
r,10044:10046:10146,`111,0,0.0,1.0
r,10044:10046:10150,`000,455,0.0,1.0
r,10044:10046:10150,`001,0,0.0,1.0
r,10044:10046:10150,`010,9,0.0,1.0
r,10044:10046:10150,`011,0,0.0,1.0
r,10044:10046:10150,`100,0,0.0,1.0
r,10044:10046:10150,`101,0,0.0,1.0
r,10044:10046:10150,`110,0,0.0,1.0
r,10044:10046:10150,`111,0,0.0,1.0
r,10044:10046:10159,`000,369,0.0,1.0
r,10044:10046:10159,`001,0,0.0,1.0
r,10044:10046:10159,`010,9,0.0,1.0
r,10044:10046:10159,`011,0,0.0,1.0
r,10044:10046:10159,`100,0,0.0,1.0
r,10044:10046:10159,`101,0,0.0,1.0
r,10044:10046:10159,`110,0,0.0,1.0
r,10044:10046:10159,`111,0,0.0,1.0
r,10044:10046:10162,`000,337,0.0,1.0
r,10044:10046:10162,`001,0,0.0,1.0
r,10044:10046:10162,`010,9,0.0,1.0
r,10044:10046:10162,`011,0,0.0,1.0
r,10044:10046:10162,`100,0,0.0,1.0
r,10044:10046:10162,`101,0,0.0,1.0
r,10044:10046:10162,`110,0,0.0,1.0
r,10044:10046:10162,`111,0,0.0,1.0
r,10044:10046:10179,`000,108.0,0.0,5.989760185047338e-40
r,10044:10046:10179,`001,0.0,0.0,1.0
r,10044:10046:10179,`010,0.0,0.0,1.0
r,10044:10046:10179,`011,0.0,0.0,1.0
r,10044:10046:10179,`100,0.0,0.0,1.0
r,10044:10046:10179,`101,0.0,0.0,1.0
r,10044:10046:10179,`110,0.0,0.0,1.0
r,10044:10046:10179,`111,0.0,0.0,1.0
r,10044:10046:10184,`000,10.0,0.0,0.00023731648047796994
r,10044:10046:10184,`001,1.0,0.0,0.4341075454015856
r,10044:10046:10184,`010,0.0,0.0,1.0
r,10044:10046:10184,`011,0.0,0.0,1.0
r,10044:10046:10184,`100,0.0,0.0,1.0
r,10044:10046:10184,`101,0.0,0.0,1.0
r,10044:10046:10184,`110,0.0,0.0,1.0
r,10044:10046:10184,`111,0.0,0.0,1.0
r,10044:10053:10058,`000,1080.0,0.0,0.0
r,10044:10053:10058,`001,20.0,0.0,5.613331767653326e-08
r,10044:10053:10058,`010,0.0,0.0,1.0
r,10044:10053:10058,`011,0.0,0.0,1.0
r,10044:10053:10058,`100,18.0,0.0,2.9823390385556634e-07
r,10044:10053:10058,`101,0.0,0.0,1.0
r,10044:10053:10058,`110,0.0,0.0,1.0
r,10044:10053:10058,`111,4.0,0.0,0.035506126258279876
r,10044:10053:10071,`000,1086.0,0.0,0.0
r,10044:10053:10071,`001,14.0,0.0,8.415061640420171e-06
r,10044:10053:10071,`010,0.0,0.0,1.0
r,10044:10053:10071,`011,0.0,0.0,1.0
r,10044:10053:10071,`100,18.0,0.0,2.9823390385556634e-07
r,10044:10053:10071,`101,0.0,0.0,1.0
r,10044:10053:10071,`110,0.0,0.0,1.0
r,10044:10053:10071,`111,4.0,0.0,0.035506126258279876
r,10044:10053:10075,`000,1100.0,0.0,0.0
r,10044:10053:10075,`001,0.0,0.0,1.0
r,10044:10053:10075,`010,0.0,0.0,1.0
r,10044:10053:10075,`011,0.0,0.0,1.0
r,10044:10053:10075,`100,18.0,0.0,2.9823390385556634e-07
r,10044:10053:10075,`101,0.0,0.0,1.0
r,10044:10053:10075,`110,0.0,0.0,1.0
r,10044:10053:10075,`111,4.0,0.0,0.035506126258279876
r,10044:10053:10081,`000,1100.0,0.0,0.0
r,10044:10053:10081,`001,0.0,0.0,1.0
r,10044:10053:10081,`010,0.0,0.0,1.0
r,10044:10053:10081,`011,0.0,0.0,1.0
r,10044:10053:10081,`100,18.0,0.0,2.9823390385556634e-07
r,10044:10053:10081,`101,0.0,0.0,1.0
r,10044:10053:10081,`110,0.0,0.0,1.0
r,10044:10053:10081,`111,4.0,0.0,0.035506126258279876
r,10044:10053:10088,`000,1061.0,0.0,0.0
r,10044:10053:10088,`001,9.0,0.0,0.0005468392362770828
r,10044:10053:10088,`010,0.0,0.0,1.0
r,10044:10053:10088,`011,0.0,0.0,1.0
r,10044:10053:10088,`100,18.0,0.0,2.9823390385556634e-07
r,10044:10053:10088,`101,0.0,0.0,1.0
r,10044:10053:10088,`110,0.0,0.0,1.0
r,10044:10053:10088,`111,4.0,0.0,0.035506126258279876
r,10044:10053:10096,`000,1070.0,0.0,0.0
r,10044:10053:10096,`001,0.0,0.0,1.0
r,10044:10053:10096,`010,0.0,0.0,1.0
r,10044:10053:10096,`011,0.0,0.0,1.0
r,10044:10053:10096,`100,18.0,0.0,2.9823390385556634e-07
r,10044:10053:10096,`101,0.0,0.0,1.0
r,10044:10053:10096,`110,0.0,0.0,1.0
r,10044:10053:10096,`111,4.0,0.0,0.035506126258279876
r,10044:10053:10102,`000,1068.0,0.0,0.0
r,10044:10053:10102,`001,0.0,0.0,1.0
r,10044:10053:10102,`010,0.0,0.0,1.0
r,10044:10053:10102,`011,0.0,0.0,1.0
r,10044:10053:10102,`100,18.0,0.0,2.9823390385556634e-07
r,10044:10053:10102,`101,0.0,0.0,1.0
r,10044:10053:10102,`110,0.0,0.0,1.0
r,10044:10053:10102,`111,4.0,0.0,0.035506126258279876
r,10044:10053:10109,`000,1019.0,0.0,0.0
r,10044:10053:10109,`001,49.0,0.0,1.6802865164322343e-18
r,10044:10053:10109,`010,0.0,0.0,1.0
r,10044:10053:10109,`011,0.0,0.0,1.0
r,10044:10053:10109,`100,18.0,0.0,2.9823390385556634e-07
r,10044:10053:10109,`101,0.0,0.0,1.0
r,10044:10053:10109,`110,0.0,0.0,1.0
r,10044:10053:10109,`111,4.0,0.0,0.035506126258279876
r,10044:10053:10111,`000,1069.0,0.0,0.0
r,10044:10053:10111,`001,0.0,0.0,1.0
r,10044:10053:10111,`010,0.0,0.0,1.0
r,10044:10053:10111,`011,0.0,0.0,1.0
r,10044:10053:10111,`100,18.0,0.0,2.9823390385556634e-07
r,10044:10053:10111,`101,0.0,0.0,1.0
r,10044:10053:10111,`110,0.0,0.0,1.0
r,10044:10053:10111,`111,4.0,0.0,0.035506126258279876
r,10044:10053:10118,`000,969.0,0.0,0.0
r,10044:10053:10118,`001,0.0,0.0,1.0
r,10044:10053:10118,`010,0.0,0.0,1.0
r,10044:10053:10118,`011,0.0,0.0,1.0
r,10044:10053:10118,`100,18.0,0.0,2.9823390385556634e-07
r,10044:10053:10118,`101,0.0,0.0,1.0
r,10044:10053:10118,`110,0.0,0.0,1.0
r,10044:10053:10118,`111,2.0,0.0,0.18844313862949272
r,10044:10053:10121,`000,921.0,0.0,0.0
r,10044:10053:10121,`001,0.0,0.0,1.0
r,10044:10053:10121,`010,0.0,0.0,1.0
r,10044:10053:10121,`011,0.0,0.0,1.0
r,10044:10053:10121,`100,18.0,0.0,2.9823390385556634e-07
r,10044:10053:10121,`101,0.0,0.0,1.0
r,10044:10053:10121,`110,0.0,0.0,1.0
r,10044:10053:10121,`111,2.0,0.0,0.18844313862949272
r,10044:10053:10130,`000,810.0,0.0,4.431891353582767e-299
r,10044:10053:10130,`001,0.0,0.0,1.0
r,10044:10053:10130,`010,0.0,0.0,1.0
r,10044:10053:10130,`011,0.0,0.0,1.0
r,10044:10053:10130,`100,0.0,0.0,1.0
r,10044:10053:10130,`101,0.0,0.0,1.0
r,10044:10053:10130,`110,0.0,0.0,1.0
r,10044:10053:10130,`111,0.0,0.0,1.0
r,10044:10053:10133,`000,778.0,0.0,4.1697453383734254e-287
r,10044:10053:10133,`001,32.0,0.0,2.488834849343131e-12
r,10044:10053:10133,`010,0.0,0.0,1.0
r,10044:10053:10133,`011,0.0,0.0,1.0
r,10044:10053:10133,`100,0.0,0.0,1.0
r,10044:10053:10133,`101,0.0,0.0,1.0
r,10044:10053:10133,`110,0.0,0.0,1.0
r,10044:10053:10133,`111,0.0,0.0,1.0
r,10044:10053:10140,`000,634.0,0.0,2.0295991157473865e-233
r,10044:10053:10140,`001,0.0,0.0,1.0
r,10044:10053:10140,`010,0.0,0.0,1.0
r,10044:10053:10140,`011,0.0,0.0,1.0
r,10044:10053:10140,`100,0.0,0.0,1.0
r,10044:10053:10140,`101,0.0,0.0,1.0
r,10044:10053:10140,`110,0.0,0.0,1.0
r,10044:10053:10140,`111,0.0,0.0,1.0
r,10044:10053:10146,`000,464.0,0.0,1.9259879308811898e-170
r,10044:10053:10146,`001,0.0,0.0,1.0
r,10044:10053:10146,`010,0.0,0.0,1.0
r,10044:10053:10146,`011,0.0,0.0,1.0
r,10044:10053:10146,`100,0.0,0.0,1.0
r,10044:10053:10146,`101,0.0,0.0,1.0
r,10044:10053:10146,`110,0.0,0.0,1.0
r,10044:10053:10146,`111,0.0,0.0,1.0
r,10044:10053:10150,`000,464.0,0.0,1.9259879308811898e-170
r,10044:10053:10150,`001,0.0,0.0,1.0
r,10044:10053:10150,`010,0.0,0.0,1.0
r,10044:10053:10150,`011,0.0,0.0,1.0
r,10044:10053:10150,`100,0.0,0.0,1.0
r,10044:10053:10150,`101,0.0,0.0,1.0
r,10044:10053:10150,`110,0.0,0.0,1.0
r,10044:10053:10150,`111,0.0,0.0,1.0
r,10044:10053:10159,`000,378.0,0.0,9.5316748937455e-139
r,10044:10053:10159,`001,0.0,0.0,1.0
r,10044:10053:10159,`010,0.0,0.0,1.0
r,10044:10053:10159,`011,0.0,0.0,1.0
r,10044:10053:10159,`100,0.0,0.0,1.0
r,10044:10053:10159,`101,0.0,0.0,1.0
r,10044:10053:10159,`110,0.0,0.0,1.0
r,10044:10053:10159,`111,0.0,0.0,1.0
r,10044:10053:10162,`000,346.0,0.0,5.552447588536604e-127
r,10044:10053:10162,`001,0.0,0.0,1.0
r,10044:10053:10162,`010,0.0,0.0,1.0
r,10044:10053:10162,`011,0.0,0.0,1.0
r,10044:10053:10162,`100,0.0,0.0,1.0
r,10044:10053:10162,`101,0.0,0.0,1.0
r,10044:10053:10162,`110,0.0,0.0,1.0
r,10044:10053:10162,`111,0.0,0.0,1.0
r,10044:10053:10179,`000,108.0,0.0,5.989760185047338e-40
r,10044:10053:10179,`001,0.0,0.0,1.0
r,10044:10053:10179,`010,0.0,0.0,1.0
r,10044:10053:10179,`011,0.0,0.0,1.0
r,10044:10053:10179,`100,0.0,0.0,1.0
r,10044:10053:10179,`101,0.0,0.0,1.0
r,10044:10053:10179,`110,0.0,0.0,1.0
r,10044:10053:10179,`111,0.0,0.0,1.0
r,10044:10053:10184,`000,10.0,0.0,0.00023731648047796994
r,10044:10053:10184,`001,1.0,0.0,0.4341075454015856
r,10044:10053:10184,`010,0.0,0.0,1.0
r,10044:10053:10184,`011,0.0,0.0,1.0
r,10044:10053:10184,`100,0.0,0.0,1.0
r,10044:10053:10184,`101,0.0,0.0,1.0
r,10044:10053:10184,`110,0.0,0.0,1.0
r,10044:10053:10184,`111,0.0,0.0,1.0
r,10044:10058:10071,`000,1080.0,0.0,0.0
r,10044:10058:10071,`001,0.0,0.0,1.0
r,10044:10058:10071,`010,6.0,0.0,0.006689118388553766
r,10044:10058:10071,`011,14.0,0.0,8.415061640420171e-06
r,10044:10058:10071,`100,18.0,0.0,2.9823390385556634e-07
r,10044:10058:10071,`101,0.0,0.0,1.0
r,10044:10058:10071,`110,0.0,0.0,1.0
r,10044:10058:10071,`111,4.0,0.0,0.035506126258279876
r,10044:10058:10075,`000,0.0,1080.0,1.2142770448134929e-272
r,10044:10058:10075,`001,0.0,0.0,1.0
r,10044:10058:10075,`010,0.0,20.0,1.2821124567920526e-05
r,10044:10058:10075,`011,0.0,0.0,1.0
r,10044:10058:10075,`100,0.0,18.0,4.2614757896555345e-05
r,10044:10058:10075,`101,0.0,0.0,1.0
r,10044:10058:10075,`110,0.0,0.0,1.0
r,10044:10058:10075,`111,0.0,4.0,0.13804415842378154
r,10044:10058:10081,`000,0.0,1080.0,1.2142770448134929e-272
r,10044:10058:10081,`001,0.0,0.0,1.0
r,10044:10058:10081,`010,0.0,20.0,1.2821124567920526e-05
r,10044:10058:10081,`011,0.0,0.0,1.0
r,10044:10058:10081,`100,0.0,18.0,4.2614757896555345e-05
r,10044:10058:10081,`101,0.0,0.0,1.0
r,10044:10058:10081,`110,0.0,0.0,1.0
r,10044:10058:10081,`111,0.0,4.0,0.13804415842378154
r,10044:10058:10088,`000,0.0,1041.0,1.0079654986124584e-262
r,10044:10058:10088,`001,0.0,9.0,0.006493885087399074
r,10044:10058:10088,`010,0.0,20.0,1.2821124567920526e-05
r,10044:10058:10088,`011,0.0,0.0,1.0
r,10044:10058:10088,`100,0.0,18.0,4.2614757896555345e-05
r,10044:10058:10088,`101,0.0,0.0,1.0
r,10044:10058:10088,`110,0.0,0.0,1.0
r,10044:10058:10088,`111,0.0,4.0,0.13804415842378154
r,10044:10058:10096,`000,0.0,1050.0,6.752067314263035e-265
r,10044:10058:10096,`001,0.0,0.0,1.0
r,10044:10058:10096,`010,0.0,20.0,1.2821124567920526e-05
r,10044:10058:10096,`011,0.0,0.0,1.0
r,10044:10058:10096,`100,0.0,18.0,4.2614757896555345e-05
r,10044:10058:10096,`101,0.0,0.0,1.0
r,10044:10058:10096,`110,0.0,0.0,1.0
r,10044:10058:10096,`111,0.0,4.0,0.13804415842378154
r,10044:10058:10102,`000,0.0,1048.0,2.6441029887969345e-264
r,10044:10058:10102,`001,0.0,0.0,1.0
r,10044:10058:10102,`010,0.0,20.0,1.2821124567920526e-05
r,10044:10058:10102,`011,0.0,0.0,1.0
r,10044:10058:10102,`100,0.0,18.0,4.2614757896555345e-05
r,10044:10058:10102,`101,0.0,0.0,1.0
r,10044:10058:10102,`110,0.0,0.0,1.0
r,10044:10058:10102,`111,0.0,4.0,0.13804415842378154
r,10044:10058:10109,`000,0.0,1013.0,1.4769637811544134e-255
r,10044:10058:10109,`001,0.0,35.0,2.406563554464101e-09
r,10044:10058:10109,`010,0.0,6.0,0.039519567771488365
r,10044:10058:10109,`011,0.0,14.0,0.0005068589004597791
r,10044:10058:10109,`100,0.0,18.0,4.2614757896555345e-05
r,10044:10058:10109,`101,0.0,0.0,1.0
r,10044:10058:10109,`110,0.0,0.0,1.0
r,10044:10058:10109,`111,0.0,4.0,0.13804415842378154
r,10044:10058:10111,`000,0.0,1049.0,1.3293658461502911e-264
r,10044:10058:10111,`001,0.0,0.0,1.0
r,10044:10058:10111,`010,0.0,20.0,1.2821124567920526e-05
r,10044:10058:10111,`011,0.0,0.0,1.0
r,10044:10058:10111,`100,0.0,18.0,4.2614757896555345e-05
r,10044:10058:10111,`101,0.0,0.0,1.0
r,10044:10058:10111,`110,0.0,0.0,1.0
r,10044:10058:10111,`111,0.0,4.0,0.13804415842378154
r,10044:10058:10118,`000,0.0,949.0,5.228836932604902e-239
r,10044:10058:10118,`001,0.0,0.0,1.0
r,10044:10058:10118,`010,0.0,20.0,1.2821124567920526e-05
r,10044:10058:10118,`011,0.0,0.0,1.0
r,10044:10058:10118,`100,0.0,18.0,4.2614757896555345e-05
r,10044:10058:10118,`101,0.0,0.0,1.0
r,10044:10058:10118,`110,0.0,0.0,1.0
r,10044:10058:10118,`111,0.0,2.0,0.5086711864558143
r,10044:10058:10121,`000,0.0,901.0,5.857194597870852e-227
r,10044:10058:10121,`001,0.0,0.0,1.0
r,10044:10058:10121,`010,0.0,20.0,1.2821124567920526e-05
r,10044:10058:10121,`011,0.0,0.0,1.0
r,10044:10058:10121,`100,0.0,18.0,4.2614757896555345e-05
r,10044:10058:10121,`101,0.0,0.0,1.0
r,10044:10058:10121,`110,0.0,0.0,1.0
r,10044:10058:10121,`111,0.0,2.0,0.5086711864558143
r,10044:10058:10130,`000,0.0,804.0,2.796858637432048e-202
r,10044:10058:10130,`001,0.0,0.0,1.0
r,10044:10058:10130,`010,0.0,6.0,0.039519567771488365
r,10044:10058:10130,`011,0.0,0.0,1.0
r,10044:10058:10130,`100,0.0,0.0,1.0
r,10044:10058:10130,`101,0.0,0.0,1.0
r,10044:10058:10130,`110,0.0,0.0,1.0
r,10044:10058:10130,`111,0.0,0.0,1.0
r,10044:10058:10133,`000,0.0,772.0,3.9760120634709813e-194
r,10044:10058:10133,`001,0.0,32.0,1.4325871274626427e-08
r,10044:10058:10133,`010,0.0,6.0,0.039519567771488365
r,10044:10058:10133,`011,0.0,0.0,1.0
r,10044:10058:10133,`100,0.0,0.0,1.0
r,10044:10058:10133,`101,0.0,0.0,1.0
r,10044:10058:10133,`110,0.0,0.0,1.0
r,10044:10058:10133,`111,0.0,0.0,1.0
r,10044:10058:10140,`000,0.0,628.0,1.1881269270865786e-157
r,10044:10058:10140,`001,0.0,0.0,1.0
r,10044:10058:10140,`010,0.0,6.0,0.039519567771488365
r,10044:10058:10140,`011,0.0,0.0,1.0
r,10044:10058:10140,`100,0.0,0.0,1.0
r,10044:10058:10140,`101,0.0,0.0,1.0
r,10044:10058:10140,`110,0.0,0.0,1.0
r,10044:10058:10140,`111,0.0,0.0,1.0
r,10044:10058:10146,`000,0.0,458.0,1.3661634064047862e-114
r,10044:10058:10146,`001,0.0,0.0,1.0
r,10044:10058:10146,`010,0.0,6.0,0.039519567771488365
r,10044:10058:10146,`011,0.0,0.0,1.0
r,10044:10058:10146,`100,0.0,0.0,1.0
r,10044:10058:10146,`101,0.0,0.0,1.0
r,10044:10058:10146,`110,0.0,0.0,1.0
r,10044:10058:10146,`111,0.0,0.0,1.0
r,10044:10058:10150,`000,0.0,458.0,1.3661634064047862e-114
r,10044:10058:10150,`001,0.0,0.0,1.0
r,10044:10058:10150,`010,0.0,6.0,0.039519567771488365
r,10044:10058:10150,`011,0.0,0.0,1.0
r,10044:10058:10150,`100,0.0,0.0,1.0
r,10044:10058:10150,`101,0.0,0.0,1.0
r,10044:10058:10150,`110,0.0,0.0,1.0
r,10044:10058:10150,`111,0.0,0.0,1.0
r,10044:10058:10159,`000,0.0,375.0,6.627514581125045e-94
r,10044:10058:10159,`001,0.0,0.0,1.0
r,10044:10058:10159,`010,0.0,3.0,0.26300677968372155
r,10044:10058:10159,`011,0.0,0.0,1.0
r,10044:10058:10159,`100,0.0,0.0,1.0
r,10044:10058:10159,`101,0.0,0.0,1.0
r,10044:10058:10159,`110,0.0,0.0,1.0
r,10044:10058:10159,`111,0.0,0.0,1.0
r,10044:10058:10162,`000,0.0,343.0,8.267974106559961e-86
r,10044:10058:10162,`001,0.0,0.0,1.0
r,10044:10058:10162,`010,0.0,3.0,0.26300677968372155
r,10044:10058:10162,`011,0.0,0.0,1.0
r,10044:10058:10162,`100,0.0,0.0,1.0
r,10044:10058:10162,`101,0.0,0.0,1.0
r,10044:10058:10162,`110,0.0,0.0,1.0
r,10044:10058:10162,`111,0.0,0.0,1.0
r,10044:10058:10179,`000,0.0,105.0,1.0977195762551767e-26
r,10044:10058:10179,`001,0.0,0.0,1.0
r,10044:10058:10179,`010,0.0,3.0,0.26300677968372155
r,10044:10058:10179,`011,0.0,0.0,1.0
r,10044:10058:10179,`100,0.0,0.0,1.0
r,10044:10058:10179,`101,0.0,0.0,1.0
r,10044:10058:10179,`110,0.0,0.0,1.0
r,10044:10058:10179,`111,0.0,0.0,1.0
r,10044:10058:10184,`000,0.0,10.0,0.00669734376974969
r,10044:10058:10184,`001,0.0,1.0,1.0
r,10044:10058:10184,`010,0.0,0.0,1.0
r,10044:10058:10184,`011,0.0,0.0,1.0
r,10044:10058:10184,`100,0.0,0.0,1.0
r,10044:10058:10184,`101,0.0,0.0,1.0
r,10044:10058:10184,`110,0.0,0.0,1.0
r,10044:10058:10184,`111,0.0,0.0,1.0
r,10044:10071:10075,`000,0.0,1086.0,2.6735188058586386e-274
r,10044:10071:10075,`001,0.0,0.0,1.0
r,10044:10071:10075,`010,0.0,14.0,0.0005068589004597791
r,10044:10071:10075,`011,0.0,0.0,1.0
r,10044:10071:10075,`100,0.0,18.0,4.2614757896555345e-05
r,10044:10071:10075,`101,0.0,0.0,1.0
r,10044:10071:10075,`110,0.0,0.0,1.0
r,10044:10071:10075,`111,0.0,4.0,0.13804415842378154
r,10044:10071:10081,`000,0.0,1086.0,2.6735188058586386e-274
r,10044:10071:10081,`001,0.0,0.0,1.0
r,10044:10071:10081,`010,0.0,14.0,0.0005068589004597791
r,10044:10071:10081,`011,0.0,0.0,1.0
r,10044:10071:10081,`100,0.0,18.0,4.2614757896555345e-05
r,10044:10071:10081,`101,0.0,0.0,1.0
r,10044:10071:10081,`110,0.0,0.0,1.0
r,10044:10071:10081,`111,0.0,4.0,0.13804415842378154
r,10044:10071:10088,`000,0.0,1047.0,2.5333787140827358e-264
r,10044:10071:10088,`001,0.0,9.0,0.006493885087399074
r,10044:10071:10088,`010,0.0,14.0,0.0005068589004597791
r,10044:10071:10088,`011,0.0,0.0,1.0
r,10044:10071:10088,`100,0.0,18.0,4.2614757896555345e-05
r,10044:10071:10088,`101,0.0,0.0,1.0
r,10044:10071:10088,`110,0.0,0.0,1.0
r,10044:10071:10088,`111,0.0,4.0,0.13804415842378154
r,10044:10071:10096,`000,0.0,1056.0,1.398110655006948e-266
r,10044:10071:10096,`001,0.0,0.0,1.0
r,10044:10071:10096,`010,0.0,14.0,0.0005068589004597791
r,10044:10071:10096,`011,0.0,0.0,1.0
r,10044:10071:10096,`100,0.0,18.0,4.2614757896555345e-05
r,10044:10071:10096,`101,0.0,0.0,1.0
r,10044:10071:10096,`110,0.0,0.0,1.0
r,10044:10071:10096,`111,0.0,4.0,0.13804415842378154
r,10044:10071:10102,`000,0.0,1054.0,4.9349524732600554e-266
r,10044:10071:10102,`001,0.0,0.0,1.0
r,10044:10071:10102,`010,0.0,14.0,0.0005068589004597791
r,10044:10071:10102,`011,0.0,0.0,1.0
r,10044:10071:10102,`100,0.0,18.0,4.2614757896555345e-05
r,10044:10071:10102,`101,0.0,0.0,1.0
r,10044:10071:10102,`110,0.0,0.0,1.0
r,10044:10071:10102,`111,0.0,4.0,0.13804415842378154
r,10044:10071:10109,`000,0.0,1019.0,3.777825631583472e-257
r,10044:10071:10109,`001,0.0,35.0,2.406563554464101e-09
r,10044:10071:10109,`010,0.0,0.0,1.0
r,10044:10071:10109,`011,0.0,14.0,0.0005068589004597791
r,10044:10071:10109,`100,0.0,18.0,4.2614757896555345e-05
r,10044:10071:10109,`101,0.0,0.0,1.0
r,10044:10071:10109,`110,0.0,0.0,1.0
r,10044:10071:10109,`111,0.0,4.0,0.13804415842378154
r,10044:10071:10111,`000,0.0,1055.0,2.618174902307195e-266
r,10044:10071:10111,`001,0.0,0.0,1.0
r,10044:10071:10111,`010,0.0,14.0,0.0005068589004597791
r,10044:10071:10111,`011,0.0,0.0,1.0
r,10044:10071:10111,`100,0.0,18.0,4.2614757896555345e-05
r,10044:10071:10111,`101,0.0,0.0,1.0
r,10044:10071:10111,`110,0.0,0.0,1.0
r,10044:10071:10111,`111,0.0,4.0,0.13804415842378154
r,10044:10071:10118,`000,0.0,955.0,1.0508688753256844e-240
r,10044:10071:10118,`001,0.0,0.0,1.0
r,10044:10071:10118,`010,0.0,14.0,0.0005068589004597791
r,10044:10071:10118,`011,0.0,0.0,1.0
r,10044:10071:10118,`100,0.0,18.0,4.2614757896555345e-05
r,10044:10071:10118,`101,0.0,0.0,1.0
r,10044:10071:10118,`110,0.0,0.0,1.0
r,10044:10071:10118,`111,0.0,2.0,0.5086711864558143
